<?xml version='1.0' encoding='windows-1252' ?>
<!DOCTYPE Entity SYSTEM "jbo_03_01.dtd">

<Entity
   Name="xXGamInvSoliEO"
   DBObjectType="synonym"
   DBObjectName="XXGAM_INV_SOLI"
   AliasName="xXGamInvSoliEO"
   BindingStyle="OracleName"
   UseGlueCode="false"
   RowClass="xxgam.oracle.apps.inv.moveorder.server.xXGamInvSoliEOImpl"
   DefClass="oracle.apps.fnd.framework.server.OAEntityDefImpl"
   CollClass="oracle.apps.fnd.framework.server.OAEntityCache" >
   <DesignTime>
      <Attr Name="_isCodegen" Value="true" />
      <Attr Name="_version" Value="10.1.3.41.57" />
      <AttrArray Name="_publishEvents">
      </AttrArray>
      <Attr Name="_codeGenFlag2" Value="Init|Delete|Access|DML|Val" />
   </DesignTime>
   <Attribute
      Name="KitId"
      IsNotNull="true"
      Precision="15"
      Scale="0"
      ColumnName="KIT_ID"
      Type="oracle.jbo.domain.Number"
      ColumnType="NUMBER"
      SQLType="NUMERIC"
      TableName="XXGAM_INV_SOLI" >
      <DesignTime>
         <Attr Name="_DisplaySize" Value="22" />
      </DesignTime>
   </Attribute>
   <Attribute
      Name="SoliId"
      IsNotNull="true"
      Precision="15"
      Scale="0"
      ColumnName="SOLI_ID"
      Type="oracle.jbo.domain.Number"
      ColumnType="NUMBER"
      SQLType="NUMERIC"
      TableName="XXGAM_INV_SOLI"
      PrimaryKey="true" >
      <DesignTime>
         <Attr Name="_DisplaySize" Value="22" />
      </DesignTime>
   </Attribute>
   <Attribute
      Name="NroSolicitud"
      IsNotNull="true"
      Precision="40"
      ColumnName="NRO_SOLICITUD"
      Type="java.lang.String"
      ColumnType="VARCHAR2"
      SQLType="VARCHAR"
      TableName="XXGAM_INV_SOLI" >
      <DesignTime>
         <Attr Name="_DisplaySize" Value="40" />
      </DesignTime>
   </Attribute>
   <Attribute
      Name="PersonId"
      IsNotNull="true"
      Precision="15"
      Scale="0"
      ColumnName="PERSON_ID"
      Type="oracle.jbo.domain.Number"
      ColumnType="NUMBER"
      SQLType="NUMERIC"
      TableName="XXGAM_INV_SOLI" >
      <DesignTime>
         <Attr Name="_DisplaySize" Value="22" />
      </DesignTime>
   </Attribute>
   <Attribute
      Name="EmployeeNumber"
      IsNotNull="true"
      Precision="30"
      ColumnName="EMPLOYEE_NUMBER"
      Type="java.lang.String"
      ColumnType="VARCHAR2"
      SQLType="VARCHAR"
      TableName="XXGAM_INV_SOLI" >
      <DesignTime>
         <Attr Name="_DisplaySize" Value="30" />
      </DesignTime>
   </Attribute>
   <Attribute
      Name="Rfc"
      Precision="40"
      ColumnName="RFC"
      Type="java.lang.String"
      ColumnType="VARCHAR2"
      SQLType="VARCHAR"
      TableName="XXGAM_INV_SOLI" >
      <DesignTime>
         <Attr Name="_DisplaySize" Value="40" />
      </DesignTime>
   </Attribute>
   <Attribute
      Name="Category"
      Precision="250"
      ColumnName="CATEGORY"
      Type="java.lang.String"
      ColumnType="VARCHAR2"
      SQLType="VARCHAR"
      TableName="XXGAM_INV_SOLI" >
      <DesignTime>
         <Attr Name="_DisplaySize" Value="250" />
      </DesignTime>
   </Attribute>
   <Attribute
      Name="Adscription"
      Precision="250"
      ColumnName="ADSCRIPTION"
      Type="java.lang.String"
      ColumnType="VARCHAR2"
      SQLType="VARCHAR"
      TableName="XXGAM_INV_SOLI" >
      <DesignTime>
         <Attr Name="_DisplaySize" Value="20" />
      </DesignTime>
   </Attribute>
   <Attribute
      Name="ContDueDate"
      ColumnName="CONT_DUE_DATE"
      Type="oracle.jbo.domain.Date"
      ColumnType="DATE"
      SQLType="DATE"
      TableName="XXGAM_INV_SOLI" >
      <DesignTime>
         <Attr Name="_DisplaySize" Value="7" />
      </DesignTime>
   </Attribute>
   <Attribute
      Name="SoliDate"
      ColumnName="SOLI_DATE"
      Type="oracle.jbo.domain.Date"
      ColumnType="DATE"
      SQLType="DATE"
      TableName="XXGAM_INV_SOLI" >
      <DesignTime>
         <Attr Name="_DisplaySize" Value="7" />
      </DesignTime>
   </Attribute>
   <Attribute
      Name="Station"
      Precision="150"
      ColumnName="STATION"
      Type="java.lang.String"
      ColumnType="VARCHAR2"
      SQLType="VARCHAR"
      TableName="XXGAM_INV_SOLI" >
      <DesignTime>
         <Attr Name="_DisplaySize" Value="150" />
      </DesignTime>
   </Attribute>
   <Attribute
      Name="CostCenter"
      Precision="150"
      ColumnName="COST_CENTER"
      Type="java.lang.String"
      ColumnType="VARCHAR2"
      SQLType="VARCHAR"
      TableName="XXGAM_INV_SOLI" >
      <DesignTime>
         <Attr Name="_DisplaySize" Value="150" />
      </DesignTime>
   </Attribute>
   <Attribute
      Name="ExpenseAcc"
      Precision="15"
      Scale="0"
      ColumnName="EXPENSE_ACC"
      Type="oracle.jbo.domain.Number"
      ColumnType="NUMBER"
      SQLType="NUMERIC"
      TableName="XXGAM_INV_SOLI" >
      <DesignTime>
         <Attr Name="_DisplaySize" Value="22" />
      </DesignTime>
   </Attribute>
   <Attribute
      Name="ExpenseDesc"
      Precision="240"
      ColumnName="EXPENSE_DESC"
      Type="java.lang.String"
      ColumnType="VARCHAR2"
      SQLType="VARCHAR"
      TableName="XXGAM_INV_SOLI" >
      <DesignTime>
         <Attr Name="_DisplaySize" Value="240" />
      </DesignTime>
   </Attribute>
   <Attribute
      Name="HeaderId"
      Precision="15"
      Scale="0"
      ColumnName="HEADER_ID"
      Type="oracle.jbo.domain.Number"
      ColumnType="NUMBER"
      SQLType="NUMERIC"
      TableName="XXGAM_INV_SOLI" >
      <DesignTime>
         <Attr Name="_DisplaySize" Value="22" />
      </DesignTime>
   </Attribute>
   <Attribute
      Name="Status"
      Precision="15"
      ColumnName="STATUS"
      Type="java.lang.String"
      ColumnType="VARCHAR2"
      SQLType="VARCHAR"
      TableName="XXGAM_INV_SOLI" >
      <DesignTime>
         <Attr Name="_DisplaySize" Value="15" />
      </DesignTime>
   </Attribute>
   <Attribute
      Name="MessageError"
      Precision="4000"
      ColumnName="MESSAGE_ERROR"
      Type="java.lang.String"
      ColumnType="VARCHAR2"
      SQLType="VARCHAR"
      TableName="XXGAM_INV_SOLI" >
      <DesignTime>
         <Attr Name="_DisplaySize" Value="4000" />
      </DesignTime>
   </Attribute>
   <Attribute
      Name="Attribute1"
      Precision="4000"
      ColumnName="ATTRIBUTE1"
      Type="java.lang.String"
      ColumnType="VARCHAR2"
      SQLType="VARCHAR"
      TableName="XXGAM_INV_SOLI" >
      <DesignTime>
         <Attr Name="_DisplaySize" Value="4000" />
      </DesignTime>
   </Attribute>
   <Attribute
      Name="Attribute2"
      Precision="4000"
      ColumnName="ATTRIBUTE2"
      Type="java.lang.String"
      ColumnType="VARCHAR2"
      SQLType="VARCHAR"
      TableName="XXGAM_INV_SOLI" >
      <DesignTime>
         <Attr Name="_DisplaySize" Value="4000" />
      </DesignTime>
   </Attribute>
   <Attribute
      Name="Attribute3"
      Precision="4000"
      ColumnName="ATTRIBUTE3"
      Type="java.lang.String"
      ColumnType="VARCHAR2"
      SQLType="VARCHAR"
      TableName="XXGAM_INV_SOLI" >
      <DesignTime>
         <Attr Name="_DisplaySize" Value="4000" />
      </DesignTime>
   </Attribute>
   <Attribute
      Name="Attribute4"
      Precision="4000"
      ColumnName="ATTRIBUTE4"
      Type="java.lang.String"
      ColumnType="VARCHAR2"
      SQLType="VARCHAR"
      TableName="XXGAM_INV_SOLI" >
      <DesignTime>
         <Attr Name="_DisplaySize" Value="4000" />
      </DesignTime>
   </Attribute>
   <Attribute
      Name="Attribute5"
      Precision="4000"
      ColumnName="ATTRIBUTE5"
      Type="java.lang.String"
      ColumnType="VARCHAR2"
      SQLType="VARCHAR"
      TableName="XXGAM_INV_SOLI" >
      <DesignTime>
         <Attr Name="_DisplaySize" Value="4000" />
      </DesignTime>
   </Attribute>
   <Attribute
      Name="Attribute6"
      Precision="4000"
      ColumnName="ATTRIBUTE6"
      Type="java.lang.String"
      ColumnType="VARCHAR2"
      SQLType="VARCHAR"
      TableName="XXGAM_INV_SOLI" >
      <DesignTime>
         <Attr Name="_DisplaySize" Value="4000" />
      </DesignTime>
   </Attribute>
   <Attribute
      Name="Attribute7"
      Precision="4000"
      ColumnName="ATTRIBUTE7"
      Type="java.lang.String"
      ColumnType="VARCHAR2"
      SQLType="VARCHAR"
      TableName="XXGAM_INV_SOLI" >
      <DesignTime>
         <Attr Name="_DisplaySize" Value="4000" />
      </DesignTime>
   </Attribute>
   <Attribute
      Name="Attribute8"
      Precision="4000"
      ColumnName="ATTRIBUTE8"
      Type="java.lang.String"
      ColumnType="VARCHAR2"
      SQLType="VARCHAR"
      TableName="XXGAM_INV_SOLI" >
      <DesignTime>
         <Attr Name="_DisplaySize" Value="4000" />
      </DesignTime>
   </Attribute>
   <Attribute
      Name="Attribute9"
      Precision="4000"
      ColumnName="ATTRIBUTE9"
      Type="java.lang.String"
      ColumnType="VARCHAR2"
      SQLType="VARCHAR"
      TableName="XXGAM_INV_SOLI" >
      <DesignTime>
         <Attr Name="_DisplaySize" Value="4000" />
      </DesignTime>
   </Attribute>
   <Attribute
      Name="Attribute10"
      Precision="4000"
      ColumnName="ATTRIBUTE10"
      Type="java.lang.String"
      ColumnType="VARCHAR2"
      SQLType="VARCHAR"
      TableName="XXGAM_INV_SOLI" >
      <DesignTime>
         <Attr Name="_DisplaySize" Value="4000" />
      </DesignTime>
   </Attribute>
   <Attribute
      Name="CreatedBy"
      IsNotNull="true"
      ColumnName="CREATED_BY"
      Type="oracle.jbo.domain.Number"
      ColumnType="NUMBER"
      SQLType="NUMERIC"
      TableName="XXGAM_INV_SOLI" >
      <DesignTime>
         <Attr Name="_DisplaySize" Value="22" />
      </DesignTime>
   </Attribute>
   <Attribute
      Name="CreationDate"
      IsNotNull="true"
      ColumnName="CREATION_DATE"
      Type="oracle.jbo.domain.Date"
      ColumnType="DATE"
      SQLType="DATE"
      TableName="XXGAM_INV_SOLI" >
      <DesignTime>
         <Attr Name="_DisplaySize" Value="7" />
      </DesignTime>
   </Attribute>
   <Attribute
      Name="LastUpdatedBy"
      IsNotNull="true"
      ColumnName="LAST_UPDATED_BY"
      Type="oracle.jbo.domain.Number"
      ColumnType="NUMBER"
      SQLType="NUMERIC"
      TableName="XXGAM_INV_SOLI" >
      <DesignTime>
         <Attr Name="_DisplaySize" Value="22" />
      </DesignTime>
   </Attribute>
   <Attribute
      Name="LastUpdateDate"
      IsNotNull="true"
      ColumnName="LAST_UPDATE_DATE"
      Type="oracle.jbo.domain.Date"
      ColumnType="DATE"
      SQLType="DATE"
      TableName="XXGAM_INV_SOLI" >
      <DesignTime>
         <Attr Name="_DisplaySize" Value="7" />
      </DesignTime>
   </Attribute>
   <Attribute
      Name="LastUpdateLogin"
      ColumnName="LAST_UPDATE_LOGIN"
      Type="oracle.jbo.domain.Number"
      ColumnType="NUMBER"
      SQLType="NUMERIC"
      TableName="XXGAM_INV_SOLI" >
      <DesignTime>
         <Attr Name="_DisplaySize" Value="22" />
      </DesignTime>
   </Attribute>
   <Attribute
      Name="ObservacionesUni"
      Precision="240"
      ColumnName="OBSERVACIONES_UNI"
      Type="java.lang.String"
      ColumnType="VARCHAR2"
      SQLType="VARCHAR"
      TableName="XXGAM_INV_SOLI" >
      <DesignTime>
         <Attr Name="_DisplaySize" Value="4000" />
      </DesignTime>
   </Attribute>
   <AccessorAttribute
      Name="xXGamInvSoliDtlEO"
      Association="xxgam.oracle.apps.inv.moveorder.server.xXGamInvRelSolDtlAS"
      AssociationEnd="xxgam.oracle.apps.inv.moveorder.server.xXGamInvRelSolDtlAS.xXGamInvSoliDtlEO"
      AssociationOtherEnd="xxgam.oracle.apps.inv.moveorder.server.xXGamInvRelSolDtlAS.xXGamInvSoliEO"
      Type="oracle.jbo.RowIterator"
      IsUpdateable="false" >
   </AccessorAttribute>
   <Key
      Name="SysC00325811" >
      <AttrArray Name="Attributes">
         <Item Value="xxgam.oracle.apps.inv.moveorder.server.xXGamInvSoliEO.KitId" />
      </AttrArray>
      <DesignTime>
         <Attr Name="_checkCondition" Value="&#34;KIT_ID&#34; IS NOT NULL" />
         <Attr Name="_isCheck" Value="true" />
         <Attr Name="_DBObjectName" Value="SYS_C00325811" />
      </DesignTime>
   </Key>
   <Key
      Name="SysC00325812" >
      <AttrArray Name="Attributes">
         <Item Value="xxgam.oracle.apps.inv.moveorder.server.xXGamInvSoliEO.SoliId" />
      </AttrArray>
      <DesignTime>
         <Attr Name="_checkCondition" Value="&#34;SOLI_ID&#34; IS NOT NULL" />
         <Attr Name="_isCheck" Value="true" />
         <Attr Name="_DBObjectName" Value="SYS_C00325812" />
      </DesignTime>
   </Key>
   <Key
      Name="SysC00325813" >
      <AttrArray Name="Attributes">
         <Item Value="xxgam.oracle.apps.inv.moveorder.server.xXGamInvSoliEO.NroSolicitud" />
      </AttrArray>
      <DesignTime>
         <Attr Name="_checkCondition" Value="&#34;NRO_SOLICITUD&#34; IS NOT NULL" />
         <Attr Name="_isCheck" Value="true" />
         <Attr Name="_DBObjectName" Value="SYS_C00325813" />
      </DesignTime>
   </Key>
   <Key
      Name="SysC00325814" >
      <AttrArray Name="Attributes">
         <Item Value="xxgam.oracle.apps.inv.moveorder.server.xXGamInvSoliEO.PersonId" />
      </AttrArray>
      <DesignTime>
         <Attr Name="_checkCondition" Value="&#34;PERSON_ID&#34; IS NOT NULL" />
         <Attr Name="_isCheck" Value="true" />
         <Attr Name="_DBObjectName" Value="SYS_C00325814" />
      </DesignTime>
   </Key>
   <Key
      Name="SysC00325815" >
      <AttrArray Name="Attributes">
         <Item Value="xxgam.oracle.apps.inv.moveorder.server.xXGamInvSoliEO.EmployeeNumber" />
      </AttrArray>
      <DesignTime>
         <Attr Name="_checkCondition" Value="&#34;EMPLOYEE_NUMBER&#34; IS NOT NULL" />
         <Attr Name="_isCheck" Value="true" />
         <Attr Name="_DBObjectName" Value="SYS_C00325815" />
      </DesignTime>
   </Key>
   <Key
      Name="SysC00325816" >
      <AttrArray Name="Attributes">
         <Item Value="xxgam.oracle.apps.inv.moveorder.server.xXGamInvSoliEO.CreatedBy" />
      </AttrArray>
      <DesignTime>
         <Attr Name="_checkCondition" Value="&#34;CREATED_BY&#34; IS NOT NULL" />
         <Attr Name="_isCheck" Value="true" />
         <Attr Name="_DBObjectName" Value="SYS_C00325816" />
      </DesignTime>
   </Key>
   <Key
      Name="SysC00325817" >
      <AttrArray Name="Attributes">
         <Item Value="xxgam.oracle.apps.inv.moveorder.server.xXGamInvSoliEO.CreationDate" />
      </AttrArray>
      <DesignTime>
         <Attr Name="_checkCondition" Value="&#34;CREATION_DATE&#34; IS NOT NULL" />
         <Attr Name="_isCheck" Value="true" />
         <Attr Name="_DBObjectName" Value="SYS_C00325817" />
      </DesignTime>
   </Key>
   <Key
      Name="SysC00325818" >
      <AttrArray Name="Attributes">
         <Item Value="xxgam.oracle.apps.inv.moveorder.server.xXGamInvSoliEO.LastUpdatedBy" />
      </AttrArray>
      <DesignTime>
         <Attr Name="_checkCondition" Value="&#34;LAST_UPDATED_BY&#34; IS NOT NULL" />
         <Attr Name="_isCheck" Value="true" />
         <Attr Name="_DBObjectName" Value="SYS_C00325818" />
      </DesignTime>
   </Key>
   <Key
      Name="SysC00325819" >
      <AttrArray Name="Attributes">
         <Item Value="xxgam.oracle.apps.inv.moveorder.server.xXGamInvSoliEO.LastUpdateDate" />
      </AttrArray>
      <DesignTime>
         <Attr Name="_checkCondition" Value="&#34;LAST_UPDATE_DATE&#34; IS NOT NULL" />
         <Attr Name="_isCheck" Value="true" />
         <Attr Name="_DBObjectName" Value="SYS_C00325819" />
      </DesignTime>
   </Key>
   <Key
      Name="XxgamInvSoliU1" >
      <AttrArray Name="Attributes">
         <Item Value="xxgam.oracle.apps.inv.moveorder.server.xXGamInvSoliEO.SoliId" />
      </AttrArray>
      <DesignTime>
         <Attr Name="_isPrimary" Value="true" />
         <Attr Name="_DBObjectName" Value="XXGAM_INV_SOLI_U1" />
      </DesignTime>
   </Key>
</Entity>
