<?xml version='1.0' encoding='windows-1252' ?>
<!DOCTYPE Association SYSTEM "jbo_03_01.dtd">

<Association
   Name="xXGamInvRelSolDtlAS" >
   <DesignTime>
      <Attr Name="_isCodegen" Value="true" />
      <Attr Name="_version" Value="10.1.3.41.57" />
   </DesignTime>
   <AssociationEnd
      Name="xXGamInvSoliEO"
      Cardinality="1"
      Source="true"
      Owner="xxgam.oracle.apps.inv.moveorder.server.xXGamInvSoliEO"
      LockTopContainer="false" >
      <AttrArray Name="Attributes">
         <Item Value="xxgam.oracle.apps.inv.moveorder.server.xXGamInvSoliEO.SoliId" />
      </AttrArray>
      <DesignTime>
         <Attr Name="_finderName" Value="xXGamInvSoliEO" />
         <Attr Name="_aggregation" Value="0" />
         <Attr Name="_minCardinality" Value="1" />
         <Attr Name="_isUpdateable" Value="true" />
      </DesignTime>
   </AssociationEnd>
   <AssociationEnd
      Name="xXGamInvSoliDtlEO"
      Cardinality="-1"
      Owner="xxgam.oracle.apps.inv.moveorder.server.xXGamInvSoliDtlEO" >
      <AttrArray Name="Attributes">
         <Item Value="xxgam.oracle.apps.inv.moveorder.server.xXGamInvSoliDtlEO.SoliId" />
      </AttrArray>
      <DesignTime>
         <Attr Name="_finderName" Value="xXGamInvSoliDtlEO" />
         <Attr Name="_aggregation" Value="0" />
         <Attr Name="_isUpdateable" Value="true" />
      </DesignTime>
   </AssociationEnd>
</Association>
