<?xml version='1.0' encoding='windows-1252' ?>
<!DOCTYPE Entity SYSTEM "jbo_03_01.dtd">

<Entity
   Name="xXGamInvSoliDtlEO"
   DBObjectType="synonym"
   DBObjectName="XXGAM_INV_SOLI_DTL"
   AliasName="xXGamInvSoliDtlEO"
   BindingStyle="OracleName"
   UseGlueCode="false"
   RowClass="xxgam.oracle.apps.inv.moveorder.server.xXGamInvSoliDtlEOImpl"
   DefClass="oracle.apps.fnd.framework.server.OAEntityDefImpl"
   CollClass="oracle.apps.fnd.framework.server.OAEntityCache" >
   <DesignTime>
      <Attr Name="_isCodegen" Value="true" />
      <Attr Name="_version" Value="10.1.3.41.57" />
      <AttrArray Name="_publishEvents">
      </AttrArray>
      <Attr Name="_codeGenFlag2" Value="Init|Delete|Access|DML|Val" />
   </DesignTime>
   <Attribute
      Name="SoliId"
      IsNotNull="true"
      Precision="15"
      Scale="0"
      ColumnName="SOLI_ID"
      Type="oracle.jbo.domain.Number"
      ColumnType="NUMBER"
      SQLType="NUMERIC"
      TableName="XXGAM_INV_SOLI_DTL" >
      <DesignTime>
         <Attr Name="_DisplaySize" Value="22" />
      </DesignTime>
   </Attribute>
   <Attribute
      Name="SoliDtlId"
      IsNotNull="true"
      Precision="15"
      Scale="0"
      ColumnName="SOLI_DTL_ID"
      Type="oracle.jbo.domain.Number"
      ColumnType="NUMBER"
      SQLType="NUMERIC"
      TableName="XXGAM_INV_SOLI_DTL"
      PrimaryKey="true" >
      <DesignTime>
         <Attr Name="_DisplaySize" Value="22" />
      </DesignTime>
   </Attribute>
   <Attribute
      Name="DotaId"
      IsNotNull="true"
      Precision="15"
      Scale="0"
      ColumnName="DOTA_ID"
      Type="oracle.jbo.domain.Number"
      ColumnType="NUMBER"
      SQLType="NUMERIC"
      TableName="XXGAM_INV_SOLI_DTL" >
      <DesignTime>
         <Attr Name="_DisplaySize" Value="22" />
      </DesignTime>
   </Attribute>
   <Attribute
      Name="TallaId"
      Precision="15"
      Scale="0"
      ColumnName="TALLA_ID"
      Type="oracle.jbo.domain.Number"
      ColumnType="NUMBER"
      SQLType="NUMERIC"
      TableName="XXGAM_INV_SOLI_DTL" >
      <DesignTime>
         <Attr Name="_DisplaySize" Value="22" />
      </DesignTime>
   </Attribute>
   <Attribute
      Name="QtyNbr"
      Precision="24"
      Scale="0"
      ColumnName="QTY_NBR"
      Type="oracle.jbo.domain.Number"
      ColumnType="NUMBER"
      SQLType="NUMERIC"
      TableName="XXGAM_INV_SOLI_DTL" >
      <DesignTime>
         <Attr Name="_DisplaySize" Value="22" />
      </DesignTime>
   </Attribute>
   <Attribute
      Name="LastDelivDate"
      ColumnName="LAST_DELIV_DATE"
      Type="oracle.jbo.domain.Date"
      ColumnType="DATE"
      SQLType="DATE"
      TableName="XXGAM_INV_SOLI_DTL" >
      <DesignTime>
         <Attr Name="_DisplaySize" Value="7" />
      </DesignTime>
   </Attribute>
   <Attribute
      Name="LineNumber"
      Precision="15"
      Scale="0"
      ColumnName="LINE_NUMBER"
      Type="oracle.jbo.domain.Number"
      ColumnType="NUMBER"
      SQLType="NUMERIC"
      TableName="XXGAM_INV_SOLI_DTL" >
      <DesignTime>
         <Attr Name="_DisplaySize" Value="22" />
      </DesignTime>
   </Attribute>
   <Attribute
      Name="Status"
      Precision="15"
      ColumnName="STATUS"
      Type="java.lang.String"
      ColumnType="VARCHAR2"
      SQLType="VARCHAR"
      TableName="XXGAM_INV_SOLI_DTL" >
      <DesignTime>
         <Attr Name="_DisplaySize" Value="15" />
      </DesignTime>
   </Attribute>
   <Attribute
      Name="QtyPlanta"
      Precision="15"
      Scale="0"
      ColumnName="QTY_PLANTA"
      Type="oracle.jbo.domain.Number"
      ColumnType="NUMBER"
      SQLType="NUMERIC"
      TableName="XXGAM_INV_SOLI_DTL" >
      <DesignTime>
         <Attr Name="_DisplaySize" Value="22" />
      </DesignTime>
   </Attribute>
   <Attribute
      Name="QtyEventual"
      Precision="15"
      Scale="0"
      ColumnName="QTY_EVENTUAL"
      Type="oracle.jbo.domain.Number"
      ColumnType="NUMBER"
      SQLType="NUMERIC"
      TableName="XXGAM_INV_SOLI_DTL" >
      <DesignTime>
         <Attr Name="_DisplaySize" Value="22" />
      </DesignTime>
   </Attribute>
   <Attribute
      Name="MonthDota"
      Precision="20"
      ColumnName="MONTH_DOTA"
      Type="java.lang.String"
      ColumnType="VARCHAR2"
      SQLType="VARCHAR"
      TableName="XXGAM_INV_SOLI_DTL" >
      <DesignTime>
         <Attr Name="_DisplaySize" Value="20" />
      </DesignTime>
   </Attribute>
   <Attribute
      Name="LineId"
      Precision="15"
      Scale="0"
      ColumnName="LINE_ID"
      Type="oracle.jbo.domain.Number"
      ColumnType="NUMBER"
      SQLType="NUMERIC"
      TableName="XXGAM_INV_SOLI_DTL" >
      <DesignTime>
         <Attr Name="_DisplaySize" Value="22" />
      </DesignTime>
   </Attribute>
   <Attribute
      Name="MessageError"
      Precision="4000"
      ColumnName="MESSAGE_ERROR"
      Type="java.lang.String"
      ColumnType="VARCHAR2"
      SQLType="VARCHAR"
      TableName="XXGAM_INV_SOLI_DTL" >
      <DesignTime>
         <Attr Name="_DisplaySize" Value="4000" />
      </DesignTime>
   </Attribute>
   <Attribute
      Name="DotaIdF"
      Precision="15"
      Scale="0"
      ColumnName="DOTA_ID_F"
      Type="oracle.jbo.domain.Number"
      ColumnType="NUMBER"
      SQLType="NUMERIC"
      TableName="XXGAM_INV_SOLI_DTL" >
      <DesignTime>
         <Attr Name="_DisplaySize" Value="22" />
      </DesignTime>
   </Attribute>
   <Attribute
      Name="Attribute1"
      Precision="240"
      ColumnName="ATTRIBUTE1"
      Type="java.lang.String"
      ColumnType="VARCHAR2"
      SQLType="VARCHAR"
      TableName="XXGAM_INV_SOLI_DTL" >
      <DesignTime>
         <Attr Name="_DisplaySize" Value="240" />
      </DesignTime>
   </Attribute>
   <Attribute
      Name="Attribute2"
      Precision="240"
      ColumnName="ATTRIBUTE2"
      Type="java.lang.String"
      ColumnType="VARCHAR2"
      SQLType="VARCHAR"
      TableName="XXGAM_INV_SOLI_DTL" >
      <DesignTime>
         <Attr Name="_DisplaySize" Value="240" />
      </DesignTime>
   </Attribute>
   <Attribute
      Name="Attribute3"
      Precision="240"
      ColumnName="ATTRIBUTE3"
      Type="java.lang.String"
      ColumnType="VARCHAR2"
      SQLType="VARCHAR"
      TableName="XXGAM_INV_SOLI_DTL" >
      <DesignTime>
         <Attr Name="_DisplaySize" Value="240" />
      </DesignTime>
   </Attribute>
   <Attribute
      Name="Attribute4"
      Precision="240"
      ColumnName="ATTRIBUTE4"
      Type="java.lang.String"
      ColumnType="VARCHAR2"
      SQLType="VARCHAR"
      TableName="XXGAM_INV_SOLI_DTL" >
      <DesignTime>
         <Attr Name="_DisplaySize" Value="240" />
      </DesignTime>
   </Attribute>
   <Attribute
      Name="Attribute5"
      Precision="240"
      ColumnName="ATTRIBUTE5"
      Type="java.lang.String"
      ColumnType="VARCHAR2"
      SQLType="VARCHAR"
      TableName="XXGAM_INV_SOLI_DTL" >
      <DesignTime>
         <Attr Name="_DisplaySize" Value="240" />
      </DesignTime>
   </Attribute>
   <Attribute
      Name="Attribute6"
      Precision="240"
      ColumnName="ATTRIBUTE6"
      Type="java.lang.String"
      ColumnType="VARCHAR2"
      SQLType="VARCHAR"
      TableName="XXGAM_INV_SOLI_DTL" >
      <DesignTime>
         <Attr Name="_DisplaySize" Value="240" />
      </DesignTime>
   </Attribute>
   <Attribute
      Name="Attribute7"
      Precision="240"
      ColumnName="ATTRIBUTE7"
      Type="java.lang.String"
      ColumnType="VARCHAR2"
      SQLType="VARCHAR"
      TableName="XXGAM_INV_SOLI_DTL" >
      <DesignTime>
         <Attr Name="_DisplaySize" Value="240" />
      </DesignTime>
   </Attribute>
   <Attribute
      Name="Attribute8"
      Precision="240"
      ColumnName="ATTRIBUTE8"
      Type="java.lang.String"
      ColumnType="VARCHAR2"
      SQLType="VARCHAR"
      TableName="XXGAM_INV_SOLI_DTL" >
      <DesignTime>
         <Attr Name="_DisplaySize" Value="240" />
      </DesignTime>
   </Attribute>
   <Attribute
      Name="Attribute9"
      Precision="240"
      ColumnName="ATTRIBUTE9"
      Type="java.lang.String"
      ColumnType="VARCHAR2"
      SQLType="VARCHAR"
      TableName="XXGAM_INV_SOLI_DTL" >
      <DesignTime>
         <Attr Name="_DisplaySize" Value="240" />
      </DesignTime>
   </Attribute>
   <Attribute
      Name="Attribute10"
      Precision="240"
      ColumnName="ATTRIBUTE10"
      Type="java.lang.String"
      ColumnType="VARCHAR2"
      SQLType="VARCHAR"
      TableName="XXGAM_INV_SOLI_DTL" >
      <DesignTime>
         <Attr Name="_DisplaySize" Value="240" />
      </DesignTime>
   </Attribute>
   <Attribute
      Name="CreatedBy"
      IsNotNull="true"
      ColumnName="CREATED_BY"
      Type="oracle.jbo.domain.Number"
      ColumnType="NUMBER"
      SQLType="NUMERIC"
      TableName="XXGAM_INV_SOLI_DTL" >
      <DesignTime>
         <Attr Name="_DisplaySize" Value="22" />
      </DesignTime>
   </Attribute>
   <Attribute
      Name="CreationDate"
      IsNotNull="true"
      ColumnName="CREATION_DATE"
      Type="oracle.jbo.domain.Date"
      ColumnType="DATE"
      SQLType="DATE"
      TableName="XXGAM_INV_SOLI_DTL" >
      <DesignTime>
         <Attr Name="_DisplaySize" Value="7" />
      </DesignTime>
   </Attribute>
   <Attribute
      Name="LastUpdatedBy"
      IsNotNull="true"
      ColumnName="LAST_UPDATED_BY"
      Type="oracle.jbo.domain.Number"
      ColumnType="NUMBER"
      SQLType="NUMERIC"
      TableName="XXGAM_INV_SOLI_DTL" >
      <DesignTime>
         <Attr Name="_DisplaySize" Value="22" />
      </DesignTime>
   </Attribute>
   <Attribute
      Name="LastUpdateDate"
      IsNotNull="true"
      ColumnName="LAST_UPDATE_DATE"
      Type="oracle.jbo.domain.Date"
      ColumnType="DATE"
      SQLType="DATE"
      TableName="XXGAM_INV_SOLI_DTL" >
      <DesignTime>
         <Attr Name="_DisplaySize" Value="7" />
      </DesignTime>
   </Attribute>
   <Attribute
      Name="LastUpdateLogin"
      ColumnName="LAST_UPDATE_LOGIN"
      Type="oracle.jbo.domain.Number"
      ColumnType="NUMBER"
      SQLType="NUMERIC"
      TableName="XXGAM_INV_SOLI_DTL" >
      <DesignTime>
         <Attr Name="_DisplaySize" Value="22" />
      </DesignTime>
   </Attribute>
   <Attribute
      Name="ObservacionesSltud"
      Precision="4000"
      ColumnName="OBSERVACIONES_SLTUD"
      Type="java.lang.String"
      ColumnType="VARCHAR2"
      SQLType="VARCHAR"
      TableName="XXGAM_INV_SOLI_DTL" >
      <DesignTime>
         <Attr Name="_DisplaySize" Value="4000" />
      </DesignTime>
   </Attribute>
   <Attribute
      Name="Motivo"
      Precision="240"
      ColumnName="MOTIVO"
      Type="java.lang.String"
      ColumnType="VARCHAR2"
      SQLType="VARCHAR"
      TableName="XXGAM_INV_SOLI_DTL" >
      <DesignTime>
         <Attr Name="_DisplaySize" Value="240" />
      </DesignTime>
   </Attribute>
   <Attribute
      Name="TallaDevId"
      Precision="15"
      Scale="0"
      ColumnName="TALLA_DEV_ID"
      Type="oracle.jbo.domain.Number"
      ColumnType="NUMBER"
      SQLType="NUMERIC"
      TableName="XXGAM_INV_SOLI_DTL" >
      <DesignTime>
         <Attr Name="_DisplaySize" Value="22" />
      </DesignTime>
   </Attribute>
   <Attribute
      Name="QtyDev"
      Precision="15"
      Scale="0"
      ColumnName="QTY_DEV"
      Type="oracle.jbo.domain.Number"
      ColumnType="NUMBER"
      SQLType="NUMERIC"
      TableName="XXGAM_INV_SOLI_DTL" >
      <DesignTime>
         <Attr Name="_DisplaySize" Value="22" />
      </DesignTime>
   </Attribute>
   <Attribute
      Name="ObservacionesDev"
      Precision="240"
      ColumnName="OBSERVACIONES_DEV"
      Type="java.lang.String"
      ColumnType="VARCHAR2"
      SQLType="VARCHAR"
      TableName="XXGAM_INV_SOLI_DTL" >
      <DesignTime>
         <Attr Name="_DisplaySize" Value="240" />
      </DesignTime>
   </Attribute>
   <AccessorAttribute
      Name="xXGamInvSoliEO"
      Association="xxgam.oracle.apps.inv.moveorder.server.xXGamInvRelSolDtlAS"
      AssociationEnd="xxgam.oracle.apps.inv.moveorder.server.xXGamInvRelSolDtlAS.xXGamInvSoliEO"
      AssociationOtherEnd="xxgam.oracle.apps.inv.moveorder.server.xXGamInvRelSolDtlAS.xXGamInvSoliDtlEO"
      Type="xxgam.oracle.apps.inv.moveorder.server.xXGamInvSoliEOImpl" >
   </AccessorAttribute>
   <Key
      Name="SysC00325831" >
      <AttrArray Name="Attributes">
         <Item Value="xxgam.oracle.apps.inv.moveorder.server.xXGamInvSoliDtlEO.SoliId" />
      </AttrArray>
      <DesignTime>
         <Attr Name="_checkCondition" Value="&#34;SOLI_ID&#34; IS NOT NULL" />
         <Attr Name="_isCheck" Value="true" />
         <Attr Name="_DBObjectName" Value="SYS_C00325831" />
      </DesignTime>
   </Key>
   <Key
      Name="SysC00325832" >
      <AttrArray Name="Attributes">
         <Item Value="xxgam.oracle.apps.inv.moveorder.server.xXGamInvSoliDtlEO.SoliDtlId" />
      </AttrArray>
      <DesignTime>
         <Attr Name="_checkCondition" Value="&#34;SOLI_DTL_ID&#34; IS NOT NULL" />
         <Attr Name="_isCheck" Value="true" />
         <Attr Name="_DBObjectName" Value="SYS_C00325832" />
      </DesignTime>
   </Key>
   <Key
      Name="SysC00325833" >
      <AttrArray Name="Attributes">
         <Item Value="xxgam.oracle.apps.inv.moveorder.server.xXGamInvSoliDtlEO.DotaId" />
      </AttrArray>
      <DesignTime>
         <Attr Name="_checkCondition" Value="&#34;DOTA_ID&#34; IS NOT NULL" />
         <Attr Name="_isCheck" Value="true" />
         <Attr Name="_DBObjectName" Value="SYS_C00325833" />
      </DesignTime>
   </Key>
   <Key
      Name="SysC00325834" >
      <AttrArray Name="Attributes">
         <Item Value="xxgam.oracle.apps.inv.moveorder.server.xXGamInvSoliDtlEO.CreatedBy" />
      </AttrArray>
      <DesignTime>
         <Attr Name="_checkCondition" Value="&#34;CREATED_BY&#34; IS NOT NULL" />
         <Attr Name="_isCheck" Value="true" />
         <Attr Name="_DBObjectName" Value="SYS_C00325834" />
      </DesignTime>
   </Key>
   <Key
      Name="SysC00325835" >
      <AttrArray Name="Attributes">
         <Item Value="xxgam.oracle.apps.inv.moveorder.server.xXGamInvSoliDtlEO.CreationDate" />
      </AttrArray>
      <DesignTime>
         <Attr Name="_checkCondition" Value="&#34;CREATION_DATE&#34; IS NOT NULL" />
         <Attr Name="_isCheck" Value="true" />
         <Attr Name="_DBObjectName" Value="SYS_C00325835" />
      </DesignTime>
   </Key>
   <Key
      Name="SysC00325836" >
      <AttrArray Name="Attributes">
         <Item Value="xxgam.oracle.apps.inv.moveorder.server.xXGamInvSoliDtlEO.LastUpdatedBy" />
      </AttrArray>
      <DesignTime>
         <Attr Name="_checkCondition" Value="&#34;LAST_UPDATED_BY&#34; IS NOT NULL" />
         <Attr Name="_isCheck" Value="true" />
         <Attr Name="_DBObjectName" Value="SYS_C00325836" />
      </DesignTime>
   </Key>
   <Key
      Name="SysC00325837" >
      <AttrArray Name="Attributes">
         <Item Value="xxgam.oracle.apps.inv.moveorder.server.xXGamInvSoliDtlEO.LastUpdateDate" />
      </AttrArray>
      <DesignTime>
         <Attr Name="_checkCondition" Value="&#34;LAST_UPDATE_DATE&#34; IS NOT NULL" />
         <Attr Name="_isCheck" Value="true" />
         <Attr Name="_DBObjectName" Value="SYS_C00325837" />
      </DesignTime>
   </Key>
   <Key
      Name="XxgamInvSoliDtlU1" >
      <AttrArray Name="Attributes">
         <Item Value="xxgam.oracle.apps.inv.moveorder.server.xXGamInvSoliDtlEO.SoliDtlId" />
      </AttrArray>
      <DesignTime>
         <Attr Name="_isPrimary" Value="true" />
         <Attr Name="_DBObjectName" Value="XXGAM_INV_SOLI_DTL_U1" />
      </DesignTime>
   </Key>
</Entity>
