<?xml version='1.0' encoding='windows-1252' ?>
<!DOCTYPE ViewObject SYSTEM "jbo_03_01.dtd">

<ViewObject
   Name="XxGamVtaUniformsPricesLOVVO"
   BindingStyle="OracleName"
   CustomQuery="true"
   RowClass="xxgam.oracle.apps.inv.moveorder.vta.lov.server.XxGamVtaUniformsPricesLOVVORowImpl"
   ComponentClass="xxgam.oracle.apps.inv.moveorder.vta.lov.server.XxGamVtaUniformsPricesLOVVOImpl"
   UseGlueCode="false" >
   <SQLQuery><![CDATA[
SELECT   xit.talla_nbr
             ,xit.inventory_cod
             ,xit.np_cod
             ,xit.talla_id
             ,xit.dota_id
             ,msi.DESCRIPTION
             ,msi.inventory_item_id
             ,msi.organization_id
             ,QPLL.operand
             ,QPLL.ARITHMETIC_OPERATOR
             ,QPPR.PRODUCT_ATTR_VALUE
             ,QPLL.LIST_HEADER_ID
      FROM    xxgam_inv_talla xit
            , mtl_system_items_b msi
            , QP_PRICING_ATTRIBUTES QPPR     
            , QP_LIST_LINES QPLL
     WHERE   msi.inventory_item_id = xit.inventory_id
       AND   msi.organization_id = xit.organization_id
       and QPPR.LIST_LINE_ID = QPLL.LIST_LINE_ID
       and to_char(msi.inventory_item_id) = QPPR.PRODUCT_ATTR_VALUE
       and trunc(sysdate) between nvl(QPLL.START_DATE_ACTIVE,trunc(sysdate)) and nvl(QPLL.END_DATE_ACTIVE,to_date('31/12/4712','DD/MM/YYYY'))
  ORDER BY   xit.inventory_cod ASC
   ]]></SQLQuery>
   <DesignTime>
      <Attr Name="_isCodegen" Value="true" />
      <Attr Name="_isExpertMode" Value="true" />
      <Attr Name="_version" Value="10.1.3.41.57" />
      <Attr Name="_codeGenFlag2" Value="Access|Coll|VarAccess" />
   </DesignTime>
   <ViewAttribute
      Name="TallaNbr"
      IsUpdateable="false"
      IsPersistent="false"
      IsNotNull="true"
      Precision="20"
      Type="java.lang.String"
      ColumnType="VARCHAR2"
      AliasName="TALLA_NBR"
      Expression="TALLA_NBR"
      SQLType="VARCHAR" >
      <DesignTime>
         <Attr Name="_DisplaySize" Value="20" />
      </DesignTime>
   </ViewAttribute>
   <ViewAttribute
      Name="InventoryCod"
      IsUpdateable="false"
      IsPersistent="false"
      IsNotNull="true"
      Precision="30"
      Type="java.lang.String"
      ColumnType="VARCHAR2"
      AliasName="INVENTORY_COD"
      Expression="INVENTORY_COD"
      SQLType="VARCHAR" >
      <DesignTime>
         <Attr Name="_DisplaySize" Value="30" />
      </DesignTime>
   </ViewAttribute>
   <ViewAttribute
      Name="NpCod"
      IsUpdateable="false"
      IsPersistent="false"
      IsNotNull="true"
      Precision="20"
      Type="java.lang.String"
      ColumnType="VARCHAR2"
      AliasName="NP_COD"
      Expression="NP_COD"
      SQLType="VARCHAR" >
      <DesignTime>
         <Attr Name="_DisplaySize" Value="20" />
      </DesignTime>
   </ViewAttribute>
   <ViewAttribute
      Name="TallaId"
      IsUpdateable="false"
      IsPersistent="false"
      IsNotNull="true"
      Precision="15"
      Scale="0"
      Type="oracle.jbo.domain.Number"
      ColumnType="NUMBER"
      AliasName="TALLA_ID"
      Expression="TALLA_ID"
      SQLType="NUMERIC" >
      <DesignTime>
         <Attr Name="_DisplaySize" Value="22" />
      </DesignTime>
   </ViewAttribute>
   <ViewAttribute
      Name="DotaId"
      IsUpdateable="false"
      IsPersistent="false"
      IsNotNull="true"
      Precision="15"
      Scale="0"
      Type="oracle.jbo.domain.Number"
      ColumnType="NUMBER"
      AliasName="DOTA_ID"
      Expression="DOTA_ID"
      SQLType="NUMERIC" >
      <DesignTime>
         <Attr Name="_DisplaySize" Value="22" />
      </DesignTime>
   </ViewAttribute>
   <ViewAttribute
      Name="Description"
      IsUpdateable="false"
      IsPersistent="false"
      Precision="240"
      Type="java.lang.String"
      ColumnType="VARCHAR2"
      AliasName="DESCRIPTION"
      Expression="DESCRIPTION"
      SQLType="VARCHAR" >
      <DesignTime>
         <Attr Name="_DisplaySize" Value="240" />
      </DesignTime>
   </ViewAttribute>
   <ViewAttribute
      Name="InventoryItemId"
      IsUpdateable="false"
      IsPersistent="false"
      IsNotNull="true"
      Type="oracle.jbo.domain.Number"
      ColumnType="NUMBER"
      AliasName="INVENTORY_ITEM_ID"
      Expression="INVENTORY_ITEM_ID"
      SQLType="NUMERIC" >
      <DesignTime>
         <Attr Name="_DisplaySize" Value="22" />
      </DesignTime>
   </ViewAttribute>
   <ViewAttribute
      Name="OrganizationId"
      IsUpdateable="false"
      IsPersistent="false"
      IsNotNull="true"
      Type="oracle.jbo.domain.Number"
      ColumnType="NUMBER"
      AliasName="ORGANIZATION_ID"
      Expression="ORGANIZATION_ID"
      SQLType="NUMERIC" >
      <DesignTime>
         <Attr Name="_DisplaySize" Value="22" />
      </DesignTime>
   </ViewAttribute>
   <ViewAttribute
      Name="Operand"
      IsUpdateable="false"
      IsPersistent="false"
      Type="oracle.jbo.domain.Number"
      ColumnType="NUMBER"
      AliasName="OPERAND"
      Expression="OPERAND"
      SQLType="NUMERIC" >
      <DesignTime>
         <Attr Name="_DisplaySize" Value="22" />
      </DesignTime>
   </ViewAttribute>
   <ViewAttribute
      Name="ArithmeticOperator"
      IsUpdateable="false"
      IsPersistent="false"
      Precision="30"
      Type="java.lang.String"
      ColumnType="VARCHAR2"
      AliasName="ARITHMETIC_OPERATOR"
      Expression="ARITHMETIC_OPERATOR"
      SQLType="VARCHAR" >
      <DesignTime>
         <Attr Name="_DisplaySize" Value="30" />
      </DesignTime>
   </ViewAttribute>
   <ViewAttribute
      Name="ProductAttrValue"
      IsUpdateable="false"
      IsPersistent="false"
      Precision="240"
      Type="java.lang.String"
      ColumnType="VARCHAR2"
      AliasName="PRODUCT_ATTR_VALUE"
      Expression="PRODUCT_ATTR_VALUE"
      SQLType="VARCHAR" >
      <DesignTime>
         <Attr Name="_DisplaySize" Value="240" />
      </DesignTime>
   </ViewAttribute>
   <ViewAttribute
      Name="ListHeaderId"
      IsUpdateable="false"
      IsPersistent="false"
      IsNotNull="true"
      Type="oracle.jbo.domain.Number"
      ColumnType="NUMBER"
      AliasName="LIST_HEADER_ID"
      Expression="LIST_HEADER_ID"
      SQLType="NUMERIC" >
      <DesignTime>
         <Attr Name="_DisplaySize" Value="22" />
      </DesignTime>
   </ViewAttribute>
</ViewObject>
