<?xml version = '1.0' encoding = 'UTF-8'?>
<oa:listOfValues version="10.1.3_1312" xml:lang="en-US" xmlns:oa="http://xmlns.oracle.com/oa" xmlns:jrad="http://xmlns.oracle.com/jrad" xmlns:ui="http://xmlns.oracle.com/uix/ui" xmlns:user="http://xmlns.oracle.com/jrad/user" xmlns="http://xmlns.oracle.com/jrad" file-version="$Header$" scope="/" amDefName="xxgam.oracle.apps.inv.moveorder.vta.lov.server.XxGamUniformsLOVAM">
   <ui:contents>
      <oa:table name="XxGamSoEmpleadosLOVRN" id="XxGamSoEmpleadosLOV">
         <ui:contents>
            <oa:messageStyledText id="EmployeeNumber" dataType="VARCHAR2" prompt="EmployeeNumber" viewName="XxGamSoEmpleadosLOVVO1" viewAttr="EmployeeNumber" maximumLength="30" queryable="true"/>
            <oa:messageStyledText id="FullName" dataType="VARCHAR2" prompt="FullName" viewName="XxGamSoEmpleadosLOVVO1" viewAttr="FullName" maximumLength="240" queryable="true"/>
            <oa:messageStyledText id="PersonId" dataType="NUMBER" prompt="PersonId" viewName="XxGamSoEmpleadosLOVVO1" viewAttr="PersonId" maximumLength="10"/>
         </ui:contents>
      </oa:table>
   </ui:contents>
</oa:listOfValues>
