<?xml version = '1.0' encoding = 'UTF-8'?>
<oa:listOfValues version="10.1.3_1312" xml:lang="en-US" xmlns:oa="http://xmlns.oracle.com/oa" xmlns:jrad="http://xmlns.oracle.com/jrad" xmlns:ui="http://xmlns.oracle.com/uix/ui" xmlns:user="http://xmlns.oracle.com/jrad/user" xmlns="http://xmlns.oracle.com/jrad" file-version="$Header$" scope="/" advancedSearchAllowed="false" amDefName="xxgam.oracle.apps.inv.moveorder.vta.lov.server.XxGamUniformsLOVAM">
   <ui:contents>
      <oa:table name="XxGamVtaUniformsPricesLOVRN" id="XxGamVtaUniformsPricesLOVVO" controllerClass="xxgam.oracle.apps.inv.moveorder.vta.lov.webui.XxGamVtaUniformsPricesLOVCO" blockSize="15">
         <ui:contents>
            <oa:messageStyledText id="TallaNbr" dataType="VARCHAR2" prompt="Talla" viewName="XxGamVtaUniformsPricesLOVVO1" viewAttr="TallaNbr" maximumLength="20" queryable="true" selectiveSearchCriteria="false"/>
            <oa:messageStyledText id="InventoryCod" dataType="VARCHAR2" prompt="Articulo" viewName="XxGamVtaUniformsPricesLOVVO1" viewAttr="InventoryCod" maximumLength="30" rendered="true"/>
            <oa:messageStyledText id="NpCod" dataType="VARCHAR2" prompt="Np Cod" viewName="XxGamVtaUniformsPricesLOVVO1" viewAttr="NpCod" maximumLength="20" rendered="false"/>
            <oa:messageStyledText id="TallaId" dataType="NUMBER" prompt="Talla Id" viewName="XxGamVtaUniformsPricesLOVVO1" viewAttr="TallaId" maximumLength="15" rendered="false"/>
            <oa:messageStyledText id="DotaId" dataType="NUMBER" prompt="Dota Id" viewName="XxGamVtaUniformsPricesLOVVO1" viewAttr="DotaId" maximumLength="15" rendered="false"/>
            <oa:messageStyledText id="Description" dataType="VARCHAR2" prompt="Descripción" viewName="XxGamVtaUniformsPricesLOVVO1" viewAttr="Description" maximumLength="240" rendered="true"/>
            <oa:messageStyledText id="InventoryItemId" dataType="NUMBER" prompt="InventoryI tem Id" viewName="XxGamVtaUniformsPricesLOVVO1" viewAttr="InventoryItemId" rendered="false"/>
            <oa:messageStyledText id="OrganizationId" dataType="NUMBER" prompt="Organization Id" viewName="XxGamVtaUniformsPricesLOVVO1" viewAttr="OrganizationId" rendered="false"/>
            <oa:messageStyledText id="Operand" dataType="NUMBER" prompt="Precio" viewName="XxGamVtaUniformsPricesLOVVO1" viewAttr="Operand" rendered="true"/>
            <oa:messageStyledText id="ArithmeticOperator" dataType="VARCHAR2" prompt="Arithmetic Operator" viewName="XxGamVtaUniformsPricesLOVVO1" viewAttr="ArithmeticOperator" maximumLength="30" rendered="false"/>
            <oa:messageStyledText id="ProductAttrValue" dataType="VARCHAR2" prompt="Product Attr Value" viewName="XxGamVtaUniformsPricesLOVVO1" viewAttr="ProductAttrValue" maximumLength="240" rendered="false"/>
            <oa:messageStyledText id="ListHeaderId" dataType="NUMBER" prompt="List Header Id" viewName="XxGamVtaUniformsPricesLOVVO1" viewAttr="ListHeaderId" rendered="false"/>
         </ui:contents>
      </oa:table>
   </ui:contents>
</oa:listOfValues>
