<?xml version = '1.0' encoding = 'UTF-8'?>
<!-- dbdrv: exec java oracle/jrad/tools/xml/importer XMLImporter.class java &phase=dat+24 checkfile:~PROD:~PATH:~FILE &fullpath:~PROD:~PATH:~FILE -username &un_apps -password &pw_apps -dbconnection &jdbc_db_addr  -userId "1" -rootPackage /oracle/apps/~PROD  -rootdir &fullpath:~PROD:mds:directory  -->
<oa:listOfValues version="9.0.3.8.13_1579" xml:lang="en-US" xmlns:oa="http://xmlns.oracle.com/oa" xmlns:jrad="http://xmlns.oracle.com/jrad" xmlns:ui="http://xmlns.oracle.com/uix/ui" xmlns:user="http://xmlns.oracle.com/jrad/user" xmlns="http://xmlns.oracle.com/jrad" file-version="$Header$" scope="/">
   <ui:contents>
      <oa:table name="EmpleadosRN" id="EmpleadosTab">
         <ui:contents>
            <oa:messageStyledText id="EmployeeNumber" viewName="EmpleadosVO1" viewAttr="EmployeeNumber" queryable="true" selectiveSearchCriteria="false" prompt="Número Nómina"/>
            <oa:messageStyledText id="FullName" viewName="EmpleadosVO1" viewAttr="FullName" queryable="true" selectiveSearchCriteria="false" prompt="Nombre de Colaborador"/>
            <oa:messageStyledText id="Position" viewName="EmpleadosVO1" viewAttr="Name" prompt="Posición"/>
            <oa:messageStyledText id="LocationCode" viewName="EmpleadosVO1" viewAttr="LocationCode" prompt="Ubicación"/>
            <oa:formValue id="PersonId" dataType="NUMBER" viewName="EmpleadosVO1" viewAttr="PersonId"/>
         </ui:contents>
      </oa:table>
   </ui:contents>
</oa:listOfValues>
