<?xml version = '1.0' encoding = 'UTF-8'?>
<page xmlns:jrad="http://xmlns.oracle.com/jrad" xmlns:oa="http://xmlns.oracle.com/oa" xmlns:ui="http://xmlns.oracle.com/uix/ui" version="10.1.3_1312" xml:lang="en-US" xmlns:user="http://xmlns.oracle.com/jrad/user" xmlns="http://xmlns.oracle.com/jrad" file-version="$Header: xXGamSolicitudCrearPG.xml 120.0 2013/02/07 04:27 eroncoroni noship $">
   <content>
      <!--*[Enter Javadoc like developer documentation, delete this line once you fill the included template.] [Put a one line description of the region here.] [Put a brief description of the usage of the region here.] @param [Parameter_name] [Put parameter use here.] @param [Parameter_name] [Put parameter use here.] @see [Put any additional links apart from controller class and BC4J objects directly referenced by this region]-->
      <oa:pageLayout id="PageLayoutCreaRN" amDefName="xxgam.oracle.apps.inv.moveorder.server.xXGamInvSolicitudAM" windowTitle="Crear Solicitud" adminCustomizable="false" title="" controllerClass="xxgam.oracle.apps.inv.moveorder.webui.xXGamV2SolicitudCrearCO">
         <ui:corporateBranding>
            <oa:image id="corporateBrandingImage" source="/OA_MEDIA/FNDSSCORP.gif"/>
         </ui:corporateBranding>
         <ui:contents>
            <oa:defaultSingleColumn id="SingleColumnCreaRG1" text="Crear Solicitud">
               <ui:contents>
                  <oa:messageStyledText id="nroSolicitud" viewName="xXGamInvSoliVO1" viewAttr="NroSolicitud" prompt="Número de Solicitud:" styleClass="OraFieldText"/>
                  <oa:formValue id="SoliIdH" viewName="xXGamInvSoliVO1" viewAttr="SoliId" dataType="NUMBER"/>
                  <oa:formValue id="StatusHDR" viewName="xXGamInvSoliVO1" viewAttr="Status"/>
               </ui:contents>
            </oa:defaultSingleColumn>
            <oa:defaultSingleColumn id="SingleColumnCreaRG2" text="Detalle de la Solicitud">
               <ui:contents>
                  <oa:messageComponentLayout id="region1" columns="3" rows="4" promptWidth="20%" fieldWidth="80%">
                     <ui:contents>
                        <oa:messageStyledText id="nombreEmpleado" prompt="Nombre Empleado:" styleClass="OraFieldText"/>
                        <oa:messageStyledText id="category" viewName="xXGamInvSoliVO1" viewAttr="Category" styleClass="OraFieldText" prompt="Categoria:"/>
                        <oa:messageStyledText id="estacion" viewName="xXGamInvSoliVO1" viewAttr="Station" prompt="Estación:" styleClass="OraFieldText"/>
                        <oa:messageStyledText id="employeeNumber" viewName="xXGamInvSoliVO1" viewAttr="EmployeeNumber" prompt="Clave Empleado:" styleClass="OraFieldText"/>
                        <oa:messageStyledText id="adscripcion" viewName="xXGamInvSoliVO1" viewAttr="Adscription" prompt="Adscripción:" styleClass="OraFieldText"/>
                        <oa:messageStyledText id="centroCosto" viewName="xXGamInvSoliVO1" viewAttr="CostCenter" prompt="Centro de Costos:" styleClass="OraFieldText"/>
                        <oa:messageStyledText id="rfc" viewName="xXGamInvSoliVO1" viewAttr="Rfc" prompt="R.F.C.:" styleClass="OraFieldText"/>
                        <oa:messageStyledText id="fechaContrato" viewName="xXGamInvSoliVO1" viewAttr="ContDueDate" prompt="Fecha de Termino de Contrato:" dataType="DATE" styleClass="OraFieldText"/>
                        <oa:messageStyledText id="fechaSolicitud" dataType="DATE" viewName="xXGamInvSoliVO1" viewAttr="SoliDate" prompt="Fecha Solicitud:" styleClass="OraFieldText"/>
                        <oa:messageStyledText id="kit" viewName="xXGamInvSoliVO1" viewAttr="KitCod" prompt="Kit Asignado:" styleClass="OraFieldText"/>
                        <oa:messageStyledText id="kitDescripcion" viewName="xXGamInvSoliVO1" viewAttr="KitDes" styleClass="OraFieldText" prompt=""/>
                        <oa:messageStyledText id="Cuenta" viewName="xXGamInvSoliVO1" viewAttr="ExpenseDesc" styleClass="OraFieldText" prompt="Cuenta:"/>
                     </ui:contents>
                  </oa:messageComponentLayout>
                  <oa:messageComponentLayout id="region2" fieldWidth="90%" promptWidth="10%">
                     <ui:contents>
                        <oa:messageChoice id="AvailableKits" pickListViewName="xXGamInvSolicitudAM.xXGamInvAvailableKitsVO1" pickListDispAttr="KitDesc" pickListValAttr="KitCode" prompt="Selecciona Un Kit" required="yes" styleClass="OraNav3Selected">
                           <ui:primaryClientAction>
                              <ui:fireAction event="AvailableKitEvt"/>
                           </ui:primaryClientAction>
                        </oa:messageChoice>
                     </ui:contents>
                  </oa:messageComponentLayout>
                  <oa:formValue id="KitId" viewName="xXGamInvSoliVO1" viewAttr="KitId" dataType="NUMBER"/>
                  <oa:formValue id="personId" viewName="xXGamInvSoliVO1" viewAttr="PersonId" dataType="NUMBER"/>
               </ui:contents>
            </oa:defaultSingleColumn>
            <oa:defaultSingleColumn id="SingleColumnCreaRG3" text="Dotaciones de la Solicitud" rendered="false">
               <ui:contents>
                  <oa:advancedTable id="xXGamInvSoliDtlVO" width="100%" viewName="xXGamInvSoliDtlVO1" tableBanding="columnBanding" text="Solicitudes" rendered="false">
                     <ui:contents>
                        <oa:column id="column1">
                           <ui:columnHeader>
                              <oa:sortableHeader id="sortableHeader1" prompt="Sustitución"/>
                           </ui:columnHeader>
                           <ui:contents>
                              <oa:switcher id="SwitcherSustitucionRN" use="/oracle/apps/fnd/attributesets/Buttons/Update" viewAttr="SustitucionSwitcher">
                                 <ui:case name="SustitucionDisabled">
                                    <oa:image id="SustitucionDisabled" source="okind_status.gif" shortDesc="Sustituido"/>
                                 </ui:case>
                                 <ui:case name="SustitucionEnabled">
                                    <oa:image id="SustitucionEnabled" shortDesc="Sustituir Dotacion" source="okind_active.gif"/>
                                 </ui:case>
                              </oa:switcher>
                           </ui:contents>
                        </oa:column>
                        <oa:column id="column2">
                           <ui:columnHeader>
                              <oa:sortableHeader id="sortableHeader2" prompt="Tipo"/>
                           </ui:columnHeader>
                           <ui:contents>
                              <oa:messageStyledText id="UniformTypeCod1" dataType="VARCHAR2" prompt="Tipo" viewAttr="UniformTypeCod" maximumLength="20"/>
                           </ui:contents>
                        </oa:column>
                        <oa:column id="column3">
                           <ui:columnHeader>
                              <oa:sortableHeader id="sortableHeader3" prompt="(P)"/>
                           </ui:columnHeader>
                           <ui:contents>
                              <oa:messageStyledText id="QtyPlanta1" dataType="NUMBER" prompt="(P)" viewAttr="QtyPlanta" maximumLength="15"/>
                           </ui:contents>
                        </oa:column>
                        <oa:column id="column4">
                           <ui:columnHeader>
                              <oa:sortableHeader id="sortableHeader4" prompt="(E)"/>
                           </ui:columnHeader>
                           <ui:contents>
                              <oa:messageStyledText id="QtyEventual1" dataType="NUMBER" prompt="(E)" viewAttr="QtyEventual" maximumLength="15"/>
                           </ui:contents>
                        </oa:column>
                        <oa:column id="column5">
                           <ui:columnHeader>
                              <oa:sortableHeader id="sortableHeader5" prompt="Unidad de Medida"/>
                           </ui:columnHeader>
                           <ui:contents>
                              <oa:messageStyledText id="MeasureUnitCod1" dataType="VARCHAR2" prompt="Unidad de Medida" viewAttr="MeasureUnitCod" maximumLength="20"/>
                           </ui:contents>
                        </oa:column>
                        <oa:column id="column6">
                           <ui:columnHeader>
                              <oa:sortableHeader id="sortableHeader6" prompt="Ciclo"/>
                           </ui:columnHeader>
                           <ui:contents>
                              <oa:messageStyledText id="CycleCod1" dataType="VARCHAR2" prompt="Ciclo" viewAttr="CycleCod" maximumLength="20"/>
                           </ui:contents>
                        </oa:column>
                        <oa:column id="column7">
                           <ui:columnHeader>
                              <oa:sortableHeader id="sortableHeader7" prompt="Nomenclatura"/>
                           </ui:columnHeader>
                           <ui:contents>
                              <oa:messageStyledText id="Nomenclature1" dataType="VARCHAR2" prompt="Nomenclatura" viewAttr="Nomenclature" maximumLength="80"/>
                           </ui:contents>
                        </oa:column>
                        <oa:column id="column8">
                           <ui:columnHeader>
                              <oa:sortableHeader id="sortableHeader8" prompt="Talla"/>
                           </ui:columnHeader>
                           <ui:contents>
                              <oa:messageLovInput id="TallaNbr1" dataType="VARCHAR2" prompt="Talla" viewAttr="TallaNbr" externalListOfValues="/xxgam/oracle/apps/inv/moveorder/lov/webui/xXGamInvTallasAllRN" queryable="true" styleClass="OraFieldText" maximumLength="20" columns="7" selectiveSearchCriteria="true" disabled="${oa.xXGamInvSoliDtlVO1.TallaDevDisabled}">
                                 <lovMappings>
                                    <lovMap id="lovMap1" lovItem="TallaNbr" resultTo="TallaNbr1" criteriaFrom="TallaNbr1"/>
                                    <lovMap id="lovMap2" lovItem="TallaId" resultTo="TallaId"/>
                                    <lovMap id="lovMap3" lovItem="DotaId" criteriaFrom="DotaId"/>
                                 </lovMappings>
                              </oa:messageLovInput>
                           </ui:contents>
                        </oa:column>
                        <oa:column id="column9">
                           <ui:columnHeader>
                              <oa:sortableHeader id="sortableHeader9" prompt="Cantidad"/>
                           </ui:columnHeader>
                           <ui:contents>
                              <oa:messageTextInput id="QtyNbr1" dataType="NUMBER" prompt="Cantidad" viewAttr="QtyNbr" maximumLength="10" columns="5" disabled="${oa.xXGamInvSoliDtlVO1.CantidadDevDisabled}"/>
                           </ui:contents>
                        </oa:column>
                        <oa:column id="column10">
                           <ui:columnHeader>
                              <oa:sortableHeader id="sortableHeader10" prompt="Estado Dotación"/>
                           </ui:columnHeader>
                           <ui:contents>
                              <oa:messageStyledText id="StatusDsp" dataType="VARCHAR2" prompt="Estado Dotación" viewAttr="StatusDsp" maximumLength="80"/>
                           </ui:contents>
                        </oa:column>
                        <oa:formValue id="HeaderId" dataType="NUMBER" prompt="HeaderId" viewAttr="HeaderId"/>
                        <oa:formValue id="TallaId" dataType="NUMBER" prompt="TallaId" viewAttr="TallaId"/>
                        <oa:formValue id="DotaId" dataType="NUMBER" prompt="DotaId" viewAttr="DotaId"/>
                        <oa:formValue id="SoliId" dataType="NUMBER" prompt="SoliId" viewAttr="SoliId"/>
                        <oa:formValue id="LineNumber" dataType="NUMBER" prompt="LineNumber" viewAttr="LineNumber"/>
                        <oa:formValue id="status" viewAttr="Status"/>
                        <oa:formValue id="SoliDtlId" viewAttr="SoliDtlId"/>
                        <oa:formValue id="SustitucionSwitcher1" viewAttr="SustitucionSwitcher"/>
                        <oa:formValue id="DotaIdF" dataType="NUMBER" viewAttr="DotaIdF" prompt="Dotacion Padre"/>
                        <oa:formValue id="Attribute1" viewAttr="Attribute1"/>
                        <oa:formValue id="Attribute2" viewAttr="Attribute2"/>
                     </ui:contents>
                     <ui:tableActions>
                        <oa:flowLayout id="region5">
                           <ui:contents>
                              <oa:pageButtonBar id="region6">
                                 <ui:contents>
                                    <oa:button id="save" text="Grabar" prompt="Grabar">
                                       <ui:primaryClientAction>
                                          <ui:fireAction event="grabar" id="fireAction1"/>
                                       </ui:primaryClientAction>
                                    </oa:button>
                                    <oa:button id="generarpedido" text="Generar Pedido de Movimiento" prompt="Generar Pedido de Movimiento" rendered="false">
                                       <ui:primaryClientAction>
                                          <ui:fireAction event="generarpedido" id="fireAction2">
                                             <ui:parameters>
                                                <ui:parameter key="pgSoliId" value="${oa.xXGamInvSoliDtlVO1.SoliId}"/>
                                             </ui:parameters>
                                          </ui:fireAction>
                                       </ui:primaryClientAction>
                                    </oa:button>
                                 </ui:contents>
                              </oa:pageButtonBar>
                           </ui:contents>
                        </oa:flowLayout>
                     </ui:tableActions>
                  </oa:advancedTable>
                  <oa:separator id="Separador"/>
               </ui:contents>
            </oa:defaultSingleColumn>
            <oa:defaultSingleColumn id="SingleColumnCreaRG4" text="Dotaciones de la Solicitud V2">
               <ui:contents>
                  <oa:advancedTable id="xXGamV2InvSoliDtlVO" viewName="xXGamV2InvSoliDtlVO1" width="100%" tableBanding="columnBanding">
                     <ui:contents>
                        <oa:column id="column20" rendered="true">
                           <ui:columnHeader>
                              <oa:sortableHeader id="sortableHeader20" prompt="Sustitución"/>
                           </ui:columnHeader>
                           <ui:contents>
                              <oa:switcher id="V2SwitcherSustitucionRN" viewAttr="SustitucionSwitcher" rendered="true">
                                 <ui:case name="V2SustitucionDisabled">
                                    <oa:image id="V2SustitucionDisabled" source="okind_status.gif"/>
                                 </ui:case>
                                 <ui:case name="V2SustitucionEnabled">
                                    <oa:image id="V2SustitucionEnabled" source="okind_active.gif"/>
                                 </ui:case>
                              </oa:switcher>
                           </ui:contents>
                        </oa:column>
                        <oa:column id="column11" rendered="true">
                           <ui:columnHeader>
                              <oa:sortableHeader id="sortableHeader11" prompt="Tipo"/>
                           </ui:columnHeader>
                           <ui:contents>
                              <oa:messageStyledText id="V2UniformTypeCod" viewAttr="UniformTypeCod" rendered="true"/>
                           </ui:contents>
                        </oa:column>
                        <oa:column id="column12" rendered="true">
                           <ui:columnHeader>
                              <oa:sortableHeader id="sortableHeader12" prompt="(P)"/>
                           </ui:columnHeader>
                           <ui:contents>
                              <oa:messageStyledText id="V2PlantaQty" viewAttr="PlantaQty" rendered="true"/>
                           </ui:contents>
                        </oa:column>
                        <oa:column id="column13">
                           <ui:columnHeader>
                              <oa:sortableHeader id="sortableHeader13" prompt="(E)"/>
                           </ui:columnHeader>
                           <ui:contents>
                              <oa:messageStyledText id="V2EventQty" viewAttr="EventQty" rendered="true"/>
                           </ui:contents>
                        </oa:column>
                        <oa:column id="column14">
                           <ui:columnHeader>
                              <oa:sortableHeader id="sortableHeader14" prompt="Unidad de Medida"/>
                           </ui:columnHeader>
                           <ui:contents>
                              <oa:messageStyledText id="V2MeasureUnitCod" viewAttr="MeasureUnitCod" rendered="true"/>
                           </ui:contents>
                        </oa:column>
                        <oa:column id="column15">
                           <ui:columnHeader>
                              <oa:sortableHeader id="sortableHeader15" prompt="Ciclo"/>
                           </ui:columnHeader>
                           <ui:contents>
                              <oa:messageStyledText id="V2CycleCod" viewAttr="CycleCod" rendered="true"/>
                           </ui:contents>
                        </oa:column>
                        <oa:column id="column16">
                           <ui:columnHeader>
                              <oa:sortableHeader id="sortableHeader16" prompt="Nomenclatura"/>
                           </ui:columnHeader>
                           <ui:contents>
                              <oa:messageStyledText id="V2Nomenclature" viewAttr="Nomenclature" rendered="true"/>
                           </ui:contents>
                        </oa:column>
                        <oa:column id="column17">
                           <ui:columnHeader>
                              <oa:sortableHeader id="sortableHeader17" prompt="Talla"/>
                           </ui:columnHeader>
                           <ui:contents>
                              <oa:messageLovInput id="V2TallaNbr" externalListOfValues="/xxgam/oracle/apps/inv/moveorder/lov/webui/xXGamInvTallasAllRN" viewAttr="TallaNbr" unvalidated="true" readOnly="false" disabled="${oa.xXGamV2InvSoliDtlVO1.TallaDevDisabled}" columns="7" rendered="true">
                                 <lovMappings>
                                    <lovMap id="lovMap4" lovItem="TallaNbr" resultTo="V2TallaNbr" criteriaFrom="V2TallaNbr"/>
                                    <lovMap id="lovMap5" lovItem="TallaId" resultTo="V2TallaIdFv"/>
                                    <lovMap id="lovMap6" lovItem="DotaId" criteriaFrom="V2DotaIdFv"/>
                                 </lovMappings>
                              </oa:messageLovInput>
                           </ui:contents>
                        </oa:column>
                        <oa:column id="column18">
                           <ui:columnHeader>
                              <oa:sortableHeader id="sortableHeader18" prompt="Cantidad"/>
                           </ui:columnHeader>
                           <ui:contents>
                              <oa:switcher id="region9" viewAttr="CantidadDevDisabledFlag" rendered="true">
                                 <ui:case name="CantidadDevDisabledFlagN">
                                    <oa:messageTextInput id="CantidadDevDisabledFlagN" viewAttr="QtyNbr" dataType="NUMBER" columns="5"/>
                                 </ui:case>
                                 <ui:case name="CantidadDevDisabledFlagY">
                                    <oa:messageTextInput id="CantidadDevDisabledFlagY" viewAttr="QtyNbr" readOnly="false" dataType="NUMBER" disabled="true" columns="5"/>
                                 </ui:case>
                              </oa:switcher>
                           </ui:contents>
                        </oa:column>
                        <oa:column id="column19">
                           <ui:columnHeader>
                              <oa:sortableHeader id="sortableHeader19" prompt="Estado Dotación"/>
                           </ui:columnHeader>
                           <ui:contents>
                              <oa:messageStyledText id="V2StatusDsp" viewAttr="StatusDsp" rendered="true"/>
                           </ui:contents>
                        </oa:column>
                        <oa:formValue id="V2TallaIdFv" viewAttr="TallaId"/>
                        <oa:formValue id="V2DotaIdFv" viewAttr="DotaId"/>
                     </ui:contents>
                     <ui:tableActions>
                        <oa:flowLayout id="region7">
                           <ui:contents>
                              <oa:pageButtonBar id="region8">
                                 <ui:contents>
                                    <oa:button id="V2GrabarBtn" text="Grabar" prompt="Grabar">
                                       <ui:primaryClientAction>
                                          <ui:fireAction event="V2GrabarEvt"/>
                                       </ui:primaryClientAction>
                                    </oa:button>
                                 </ui:contents>
                              </oa:pageButtonBar>
                           </ui:contents>
                        </oa:flowLayout>
                     </ui:tableActions>
                  </oa:advancedTable>
               </ui:contents>
            </oa:defaultSingleColumn>
            <oa:spacer id="spacio11" height="20" width="5"/>
            <oa:link id="linkDownLoadPDF" text="Políticas de Asignación y Uso de Uniformes Personal NO Sindicalizado" rendered="true">
               <ui:primaryClientAction>
                  <ui:fireAction event="downLoadPDF" id="fireAction3"/>
               </ui:primaryClientAction>
            </oa:link>
            <oa:spacer id="spacio1" height="5" width="5"/>
         </ui:contents>
         <ui:returnNavigation>
            <oa:link id="ReturnSearch" destination="OA.jsp?page=/xxgam/oracle/apps/inv/moveorder/webui/xXGamSolicitudPG&amp;retainAM=Y" text="Volver a Consulta Solicitud"/>
         </ui:returnNavigation>
      </oa:pageLayout>
   </content>
</page>
