<?xml version='1.0' encoding='windows-1252' ?>
<!DOCTYPE Entity SYSTEM "jbo_03_01.dtd">

<Entity
   Name="XxGamInvVtaUnifLinEO"
   DBObjectType="table"
   DBObjectName="XXGAM_INV_VTA_UNIF_LIN"
   AliasName="XxGamInvVtaUnifLinEO"
   BindingStyle="OracleName"
   UseGlueCode="false"
   RowClass="xxgam.oracle.apps.inv.moveorder.vta.schema.server.XxGamInvVtaUnifLinEOImpl"
   DefClass="oracle.apps.fnd.framework.server.OAEntityDefImpl"
   CollClass="oracle.apps.fnd.framework.server.OAEntityCache" >
   <DesignTime>
      <Attr Name="_isCodegen" Value="true" />
      <Attr Name="_version" Value="10.1.3.41.57" />
      <AttrArray Name="_publishEvents">
      </AttrArray>
      <Attr Name="_codeGenFlag2" Value="Init|Delete|Access|Val" />
   </DesignTime>
   <Attribute
      Name="LinId"
      IsNotNull="true"
      ColumnName="LIN_ID"
      Type="oracle.jbo.domain.Number"
      ColumnType="NUMBER"
      SQLType="NUMERIC"
      TableName="XXGAM_INV_VTA_UNIF_LIN"
      PrimaryKey="true" >
      <DesignTime>
         <Attr Name="_DisplaySize" Value="22" />
      </DesignTime>
   </Attribute>
   <Attribute
      Name="HdrId"
      ColumnName="HDR_ID"
      Type="oracle.jbo.domain.Number"
      ColumnType="NUMBER"
      SQLType="NUMERIC"
      TableName="XXGAM_INV_VTA_UNIF_LIN" >
      <DesignTime>
         <Attr Name="_DisplaySize" Value="22" />
      </DesignTime>
   </Attribute>
   <Attribute
      Name="SoInvItemId"
      ColumnName="SO_INV_ITEM_ID"
      Type="oracle.jbo.domain.Number"
      ColumnType="NUMBER"
      SQLType="NUMERIC"
      TableName="XXGAM_INV_VTA_UNIF_LIN" >
      <DesignTime>
         <Attr Name="_DisplaySize" Value="22" />
      </DesignTime>
   </Attribute>
   <Attribute
      Name="SoOrderedQty"
      ColumnName="SO_ORDERED_QTY"
      Type="oracle.jbo.domain.Number"
      ColumnType="NUMBER"
      SQLType="NUMERIC"
      TableName="XXGAM_INV_VTA_UNIF_LIN" >
      <DesignTime>
         <Attr Name="_DisplaySize" Value="22" />
      </DesignTime>
   </Attribute>
   <Attribute
      Name="SoShipFromOrgId"
      ColumnName="SO_SHIP_FROM_ORG_ID"
      Type="oracle.jbo.domain.Number"
      ColumnType="NUMBER"
      SQLType="NUMERIC"
      TableName="XXGAM_INV_VTA_UNIF_LIN" >
      <DesignTime>
         <Attr Name="_DisplaySize" Value="22" />
      </DesignTime>
   </Attribute>
   <Attribute
      Name="AttributeCategory"
      Precision="500"
      ColumnName="ATTRIBUTE_CATEGORY"
      Type="java.lang.String"
      ColumnType="VARCHAR2"
      SQLType="VARCHAR"
      TableName="XXGAM_INV_VTA_UNIF_LIN" >
      <DesignTime>
         <Attr Name="_DisplaySize" Value="500" />
      </DesignTime>
   </Attribute>
   <Attribute
      Name="Attribute1"
      Precision="500"
      ColumnName="ATTRIBUTE1"
      Type="java.lang.String"
      ColumnType="VARCHAR2"
      SQLType="VARCHAR"
      TableName="XXGAM_INV_VTA_UNIF_LIN" >
      <DesignTime>
         <Attr Name="_DisplaySize" Value="500" />
      </DesignTime>
   </Attribute>
   <Attribute
      Name="Attribute2"
      Precision="500"
      ColumnName="ATTRIBUTE2"
      Type="java.lang.String"
      ColumnType="VARCHAR2"
      SQLType="VARCHAR"
      TableName="XXGAM_INV_VTA_UNIF_LIN" >
      <DesignTime>
         <Attr Name="_DisplaySize" Value="500" />
      </DesignTime>
   </Attribute>
   <Attribute
      Name="Attribute3"
      Precision="500"
      ColumnName="ATTRIBUTE3"
      Type="java.lang.String"
      ColumnType="VARCHAR2"
      SQLType="VARCHAR"
      TableName="XXGAM_INV_VTA_UNIF_LIN" >
      <DesignTime>
         <Attr Name="_DisplaySize" Value="500" />
      </DesignTime>
   </Attribute>
   <Attribute
      Name="Attribute4"
      Precision="500"
      ColumnName="ATTRIBUTE4"
      Type="java.lang.String"
      ColumnType="VARCHAR2"
      SQLType="VARCHAR"
      TableName="XXGAM_INV_VTA_UNIF_LIN" >
      <DesignTime>
         <Attr Name="_DisplaySize" Value="500" />
      </DesignTime>
   </Attribute>
   <Attribute
      Name="Attribute5"
      Precision="500"
      ColumnName="ATTRIBUTE5"
      Type="java.lang.String"
      ColumnType="VARCHAR2"
      SQLType="VARCHAR"
      TableName="XXGAM_INV_VTA_UNIF_LIN" >
      <DesignTime>
         <Attr Name="_DisplaySize" Value="500" />
      </DesignTime>
   </Attribute>
   <Attribute
      Name="Attribute6"
      Precision="500"
      ColumnName="ATTRIBUTE6"
      Type="java.lang.String"
      ColumnType="VARCHAR2"
      SQLType="VARCHAR"
      TableName="XXGAM_INV_VTA_UNIF_LIN" >
      <DesignTime>
         <Attr Name="_DisplaySize" Value="500" />
      </DesignTime>
   </Attribute>
   <Attribute
      Name="Attribute7"
      Precision="500"
      ColumnName="ATTRIBUTE7"
      Type="java.lang.String"
      ColumnType="VARCHAR2"
      SQLType="VARCHAR"
      TableName="XXGAM_INV_VTA_UNIF_LIN" >
      <DesignTime>
         <Attr Name="_DisplaySize" Value="500" />
      </DesignTime>
   </Attribute>
   <Attribute
      Name="Attribute8"
      Precision="500"
      ColumnName="ATTRIBUTE8"
      Type="java.lang.String"
      ColumnType="VARCHAR2"
      SQLType="VARCHAR"
      TableName="XXGAM_INV_VTA_UNIF_LIN" >
      <DesignTime>
         <Attr Name="_DisplaySize" Value="500" />
      </DesignTime>
   </Attribute>
   <Attribute
      Name="CreatedBy"
      IsNotNull="true"
      Precision="15"
      Scale="0"
      ColumnName="CREATED_BY"
      Type="oracle.jbo.domain.Number"
      ColumnType="NUMBER"
      SQLType="NUMERIC"
      TableName="XXGAM_INV_VTA_UNIF_LIN" >
      <DesignTime>
         <Attr Name="_DisplaySize" Value="22" />
      </DesignTime>
   </Attribute>
   <Attribute
      Name="CreationDate"
      IsNotNull="true"
      ColumnName="CREATION_DATE"
      Type="oracle.jbo.domain.Date"
      ColumnType="DATE"
      SQLType="DATE"
      TableName="XXGAM_INV_VTA_UNIF_LIN" >
      <DesignTime>
         <Attr Name="_DisplaySize" Value="7" />
      </DesignTime>
   </Attribute>
   <Attribute
      Name="LastUpdateDate"
      ColumnName="LAST_UPDATE_DATE"
      Type="oracle.jbo.domain.Date"
      ColumnType="DATE"
      SQLType="DATE"
      TableName="XXGAM_INV_VTA_UNIF_LIN" >
      <DesignTime>
         <Attr Name="_DisplaySize" Value="7" />
      </DesignTime>
   </Attribute>
   <Attribute
      Name="LastUpdatedBy"
      Precision="15"
      Scale="0"
      ColumnName="LAST_UPDATED_BY"
      Type="oracle.jbo.domain.Number"
      ColumnType="NUMBER"
      SQLType="NUMERIC"
      TableName="XXGAM_INV_VTA_UNIF_LIN" >
      <DesignTime>
         <Attr Name="_DisplaySize" Value="22" />
      </DesignTime>
   </Attribute>
   <Attribute
      Name="LastUpdateLogin"
      Precision="15"
      Scale="0"
      ColumnName="LAST_UPDATE_LOGIN"
      Type="oracle.jbo.domain.Number"
      ColumnType="NUMBER"
      SQLType="NUMERIC"
      TableName="XXGAM_INV_VTA_UNIF_LIN" >
      <DesignTime>
         <Attr Name="_DisplaySize" Value="22" />
      </DesignTime>
   </Attribute>
   <Attribute
      Name="KitId"
      ColumnName="KIT_ID"
      Type="oracle.jbo.domain.Number"
      ColumnType="NUMBER"
      SQLType="NUMERIC"
      TableName="XXGAM_INV_VTA_UNIF_LIN" >
      <DesignTime>
         <Attr Name="_DisplaySize" Value="22" />
      </DesignTime>
   </Attribute>
   <Attribute
      Name="KitCod"
      Precision="200"
      ColumnName="KIT_COD"
      Type="java.lang.String"
      ColumnType="VARCHAR2"
      SQLType="VARCHAR"
      TableName="XXGAM_INV_VTA_UNIF_LIN" >
      <DesignTime>
         <Attr Name="_DisplaySize" Value="200" />
      </DesignTime>
   </Attribute>
   <Attribute
      Name="DotaId"
      ColumnName="DOTA_ID"
      Type="oracle.jbo.domain.Number"
      ColumnType="NUMBER"
      SQLType="NUMERIC"
      TableName="XXGAM_INV_VTA_UNIF_LIN" >
      <DesignTime>
         <Attr Name="_DisplaySize" Value="22" />
      </DesignTime>
   </Attribute>
   <Attribute
      Name="TallaId"
      ColumnName="TALLA_ID"
      Type="oracle.jbo.domain.Number"
      ColumnType="NUMBER"
      SQLType="NUMERIC"
      TableName="XXGAM_INV_VTA_UNIF_LIN" >
      <DesignTime>
         <Attr Name="_DisplaySize" Value="22" />
      </DesignTime>
   </Attribute>
   <Attribute
      Name="TallaNbr"
      Precision="300"
      ColumnName="TALLA_NBR"
      Type="java.lang.String"
      ColumnType="VARCHAR2"
      SQLType="VARCHAR"
      TableName="XXGAM_INV_VTA_UNIF_LIN" >
      <DesignTime>
         <Attr Name="_DisplaySize" Value="300" />
      </DesignTime>
   </Attribute>
   <AccessorAttribute
      Name="XxGamInvVtaUnifHdrEO"
      Association="xxgam.oracle.apps.inv.moveorder.vta.schema.server.XxGamInvVtaLinHdrFkAssoc"
      AssociationEnd="xxgam.oracle.apps.inv.moveorder.vta.schema.server.XxGamInvVtaLinHdrFkAssoc.XxGamInvVtaUnifHdrEO"
      AssociationOtherEnd="xxgam.oracle.apps.inv.moveorder.vta.schema.server.XxGamInvVtaLinHdrFkAssoc.XxGamInvVtaUnifLinEO"
      Type="xxgam.oracle.apps.inv.moveorder.vta.schema.server.XxGamInvVtaUnifHdrEOImpl" >
   </AccessorAttribute>
   <Key
      Name="SysC001211244" >
      <AttrArray Name="Attributes">
         <Item Value="xxgam.oracle.apps.inv.moveorder.vta.schema.server.XxGamInvVtaUnifLinEO.CreatedBy" />
      </AttrArray>
      <DesignTime>
         <Attr Name="_checkCondition" Value="&#34;CREATED_BY&#34; IS NOT NULL" />
         <Attr Name="_isCheck" Value="true" />
         <Attr Name="_DBObjectName" Value="SYS_C001211244" />
      </DesignTime>
   </Key>
   <Key
      Name="SysC001211245" >
      <AttrArray Name="Attributes">
         <Item Value="xxgam.oracle.apps.inv.moveorder.vta.schema.server.XxGamInvVtaUnifLinEO.CreationDate" />
      </AttrArray>
      <DesignTime>
         <Attr Name="_checkCondition" Value="&#34;CREATION_DATE&#34; IS NOT NULL" />
         <Attr Name="_isCheck" Value="true" />
         <Attr Name="_DBObjectName" Value="SYS_C001211245" />
      </DesignTime>
   </Key>
   <Key
      Name="SysC001211282" >
      <AttrArray Name="Attributes">
         <Item Value="xxgam.oracle.apps.inv.moveorder.vta.schema.server.XxGamInvVtaUnifLinEO.CreatedBy" />
      </AttrArray>
      <DesignTime>
         <Attr Name="_checkCondition" Value="&#34;CREATED_BY&#34; IS NOT NULL" />
         <Attr Name="_isCheck" Value="true" />
         <Attr Name="_DBObjectName" Value="SYS_C001211282" />
      </DesignTime>
   </Key>
   <Key
      Name="SysC001211283" >
      <AttrArray Name="Attributes">
         <Item Value="xxgam.oracle.apps.inv.moveorder.vta.schema.server.XxGamInvVtaUnifLinEO.CreationDate" />
      </AttrArray>
      <DesignTime>
         <Attr Name="_checkCondition" Value="&#34;CREATION_DATE&#34; IS NOT NULL" />
         <Attr Name="_isCheck" Value="true" />
         <Attr Name="_DBObjectName" Value="SYS_C001211283" />
      </DesignTime>
   </Key>
   <Key
      Name="SysC001211286" >
      <AttrArray Name="Attributes">
         <Item Value="xxgam.oracle.apps.inv.moveorder.vta.schema.server.XxGamInvVtaUnifLinEO.CreatedBy" />
      </AttrArray>
      <DesignTime>
         <Attr Name="_checkCondition" Value="&#34;CREATED_BY&#34; IS NOT NULL" />
         <Attr Name="_isCheck" Value="true" />
         <Attr Name="_DBObjectName" Value="SYS_C001211286" />
      </DesignTime>
   </Key>
   <Key
      Name="SysC001211287" >
      <AttrArray Name="Attributes">
         <Item Value="xxgam.oracle.apps.inv.moveorder.vta.schema.server.XxGamInvVtaUnifLinEO.CreationDate" />
      </AttrArray>
      <DesignTime>
         <Attr Name="_checkCondition" Value="&#34;CREATION_DATE&#34; IS NOT NULL" />
         <Attr Name="_isCheck" Value="true" />
         <Attr Name="_DBObjectName" Value="SYS_C001211287" />
      </DesignTime>
   </Key>
   <Key
      Name="XxgamInvVtaLinIdPk" >
      <AttrArray Name="Attributes">
         <Item Value="xxgam.oracle.apps.inv.moveorder.vta.schema.server.XxGamInvVtaUnifLinEO.LinId" />
      </AttrArray>
      <DesignTime>
         <Attr Name="_isPrimary" Value="true" />
         <Attr Name="_DBObjectName" Value="XXGAM_INV_VTA_LIN_ID_PK" />
      </DesignTime>
   </Key>
   <Key
      Name="XxgamInvVtaLinHdrFk" >
      <AttrArray Name="Attributes">
         <Item Value="xxgam.oracle.apps.inv.moveorder.vta.schema.server.XxGamInvVtaUnifLinEO.HdrId" />
      </AttrArray>
      <DesignTime>
         <Attr Name="_referencedKey" Value="XXGAM_INV_VTA_HDR_ID_PK" />
         <Attr Name="_isForeign" Value="true" />
         <Attr Name="_DBObjectName" Value="XXGAM_INV_VTA_LIN_HDR_FK" />
      </DesignTime>
   </Key>
</Entity>
