<?xml version='1.0' encoding='windows-1252' ?>
<!DOCTYPE ViewObject SYSTEM "jbo_03_01.dtd">

<ViewObject
   Name="xXGamV2InvSoliVO"
   BindingStyle="OracleName"
   CustomQuery="true"
   RowClass="xxgam.oracle.apps.inv.moveorder.server.xXGamV2InvSoliVORowImpl"
   ComponentClass="xxgam.oracle.apps.inv.moveorder.server.xXGamV2InvSoliVOImpl"
   UseGlueCode="false" >
   <DesignTime>
      <Attr Name="_isCodegen" Value="true" />
      <Attr Name="_version" Value="10.1.3.41.57" />
      <Attr Name="_codeGenFlag2" Value="Access|Coll|VarAccess" />
   </DesignTime>
   <ViewAttribute
      Name="KitId"
      IsSelected="false"
      IsPersistent="false"
      Type="oracle.jbo.domain.Number"
      ColumnType="NUMBER"
      AliasName="VIEW_ATTR"
      SQLType="NUMERIC" >
   </ViewAttribute>
   <ViewAttribute
      Name="KitCod"
      IsSelected="false"
      IsPersistent="false"
      Type="java.lang.String"
      ColumnType="VARCHAR2"
      AliasName="VIEW_ATTR"
      SQLType="VARCHAR" >
   </ViewAttribute>
   <ViewAttribute
      Name="KitDes"
      IsSelected="false"
      IsPersistent="false"
      Type="java.lang.String"
      ColumnType="VARCHAR2"
      AliasName="VIEW_ATTR"
      SQLType="VARCHAR" >
   </ViewAttribute>
   <ViewAttribute
      Name="PersonId"
      IsSelected="false"
      IsPersistent="false"
      Type="oracle.jbo.domain.Number"
      ColumnType="NUMBER"
      AliasName="VIEW_ATTR"
      SQLType="NUMERIC" >
   </ViewAttribute>
   <ViewAttribute
      Name="EmployeeNumber"
      IsSelected="false"
      IsPersistent="false"
      Type="java.lang.String"
      ColumnType="VARCHAR2"
      AliasName="VIEW_ATTR"
      SQLType="VARCHAR" >
   </ViewAttribute>
   <ViewAttribute
      Name="Rfc"
      IsSelected="false"
      IsPersistent="false"
      Type="java.lang.String"
      ColumnType="VARCHAR2"
      AliasName="VIEW_ATTR"
      SQLType="VARCHAR" >
   </ViewAttribute>
   <ViewAttribute
      Name="Category"
      IsSelected="false"
      IsPersistent="false"
      Type="java.lang.String"
      ColumnType="VARCHAR2"
      AliasName="VIEW_ATTR"
      SQLType="VARCHAR" >
   </ViewAttribute>
   <ViewAttribute
      Name="Adscription"
      IsSelected="false"
      IsPersistent="false"
      Type="java.lang.String"
      ColumnType="VARCHAR2"
      AliasName="VIEW_ATTR"
      SQLType="VARCHAR" >
   </ViewAttribute>
   <ViewAttribute
      Name="ContDueDate"
      IsSelected="false"
      IsPersistent="false"
      Type="oracle.jbo.domain.Date"
      ColumnType="DATE"
      AliasName="VIEW_ATTR"
      SQLType="DATE" >
   </ViewAttribute>
   <ViewAttribute
      Name="Station"
      IsSelected="false"
      IsPersistent="false"
      Type="java.lang.String"
      ColumnType="VARCHAR2"
      AliasName="VIEW_ATTR"
      SQLType="VARCHAR" >
   </ViewAttribute>
   <ViewAttribute
      Name="CostCenter"
      IsSelected="false"
      IsPersistent="false"
      Type="java.lang.String"
      ColumnType="VARCHAR2"
      AliasName="VIEW_ATTR"
      SQLType="VARCHAR" >
   </ViewAttribute>
   <ViewAttribute
      Name="ExpenseAcc"
      IsSelected="false"
      IsPersistent="false"
      Type="oracle.jbo.domain.Number"
      ColumnType="NUMBER"
      AliasName="VIEW_ATTR"
      SQLType="NUMERIC" >
   </ViewAttribute>
   <ViewAttribute
      Name="ExpenseDesc"
      IsSelected="false"
      IsPersistent="false"
      Type="java.lang.String"
      ColumnType="VARCHAR2"
      AliasName="VIEW_ATTR"
      SQLType="VARCHAR" >
   </ViewAttribute>
   <ViewAttribute
      Name="FullName"
      IsSelected="false"
      IsPersistent="false"
      Type="java.lang.String"
      ColumnType="VARCHAR2"
      AliasName="VIEW_ATTR"
      SQLType="VARCHAR" >
   </ViewAttribute>
   <ViewAttribute
      Name="XxGamInvAssignExcept"
      IsSelected="false"
      IsPersistent="false"
      Type="java.lang.String"
      ColumnType="VARCHAR2"
      AliasName="VIEW_ATTR"
      SQLType="VARCHAR" >
   </ViewAttribute>
   <ViewAttribute
      Name="UserId"
      IsSelected="false"
      IsPersistent="false"
      Type="oracle.jbo.domain.Number"
      ColumnType="NUMBER"
      AliasName="VIEW_ATTR"
      SQLType="NUMERIC" >
   </ViewAttribute>
   <ViewAttribute
      Name="FechaSolicitud"
      IsSelected="false"
      IsPersistent="false"
      Type="oracle.jbo.domain.Date"
      ColumnType="DATE"
      AliasName="VIEW_ATTR"
      SQLType="DATE" >
   </ViewAttribute>
</ViewObject>
