<?xml version='1.0' encoding='windows-1252' ?>
<!DOCTYPE ViewObject SYSTEM "jbo_03_01.dtd">

<ViewObject
   Name="xXGamInvSoliRenderedVO"
   BindingStyle="OracleName"
   CustomQuery="true"
   RowClass="oracle.apps.fnd.framework.server.OAViewRowImpl"
   ComponentClass="xxgam.oracle.apps.inv.moveorder.server.xXGamInvSoliRenderedVOImpl"
   UseGlueCode="false" >
   <DesignTime>
      <Attr Name="_version" Value="10.1.3.41.57" />
      <Attr Name="_codeGenFlag2" Value="Access|Coll|VarAccess" />
   </DesignTime>
   <ViewAttribute
      Name="ObserColumnRender"
      IsSelected="false"
      IsPersistent="false"
      Type="java.lang.Double"
      ColumnType="DOUBLE PRECISION"
      AliasName="VIEW_ATTR"
      SQLType="DOUBLE" >
   </ViewAttribute>
   <ViewAttribute
      Name="ClvEmplRender"
      IsSelected="false"
      IsPersistent="false"
      Type="java.lang.Boolean"
      ColumnType="NUMBER"
      AliasName="VIEW_ATTR"
      SQLType="BIT" >
   </ViewAttribute>
   <ViewAttribute
      Name="BtnGeneraPedidoRender"
      IsSelected="false"
      IsPersistent="false"
      Type="java.lang.Boolean"
      ColumnType="NUMBER"
      AliasName="VIEW_ATTR"
      SQLType="BIT" >
   </ViewAttribute>
   <ViewAttribute
      Name="ObservRender"
      IsSelected="false"
      IsPersistent="false"
      Type="java.lang.Boolean"
      ColumnType="NUMBER"
      AliasName="VIEW_ATTR"
      SQLType="BIT" >
   </ViewAttribute>
   <ViewAttribute
      Name="BtnCrearSolicitudRender"
      IsSelected="false"
      IsPersistent="false"
      Type="java.lang.Boolean"
      ColumnType="NUMBER"
      AliasName="VIEW_ATTR"
      SQLType="BIT" >
   </ViewAttribute>
   <ViewAttribute
      Name="BtnCancelarPedidoRender"
      IsSelected="false"
      IsPersistent="false"
      Type="java.lang.Boolean"
      ColumnType="NUMBER"
      AliasName="VIEW_ATTR"
      SQLType="BIT" >
   </ViewAttribute>
   <ViewAttribute
      Name="BtnCrearPedidoSuperRender"
      IsSelected="false"
      IsPersistent="false"
      Type="java.lang.Boolean"
      ColumnType="NUMBER"
      AliasName="VIEW_ATTR"
      SQLType="BIT" >
   </ViewAttribute>
</ViewObject>
