<?xml version='1.0' encoding='windows-1252' ?>
<!DOCTYPE ViewLink SYSTEM "jbo_03_01.dtd">

<ViewLink
   Name="xXGamInvRelSolDtlVL" >
   <DesignTime>
      <Attr Name="_isCodegen" Value="true" />
      <Attr Name="_version" Value="10.1.3.41.57" />
   </DesignTime>
   <ViewLinkDefEnd
      Name="xXGamInvSoliVO"
      Cardinality="1"
      Owner="xxgam.oracle.apps.inv.moveorder.server.xXGamInvSoliVO"
      Source="true" >
      <AttrArray Name="Attributes">
         <Item Value="xxgam.oracle.apps.inv.moveorder.server.xXGamInvSoliVO.SoliId" />
      </AttrArray>
      <DesignTime>
         <Attr Name="_finderName" Value="xXGamInvSoliVO" />
         <Attr Name="_accessor" Value="true" />
         <Attr Name="_minCardinality" Value="1" />
         <Attr Name="_isUpdateable" Value="true" />
      </DesignTime>
   </ViewLinkDefEnd>
   <ViewLinkDefEnd
      Name="xXGamInvSoliDtlVO"
      Cardinality="-1"
      Owner="xxgam.oracle.apps.inv.moveorder.server.xXGamInvSoliDtlVO" >
      <AttrArray Name="Attributes">
         <Item Value="xxgam.oracle.apps.inv.moveorder.server.xXGamInvSoliDtlVO.SoliId" />
      </AttrArray>
      <DesignTime>
         <Attr Name="_finderName" Value="xXGamInvSoliDtlVO" />
         <Attr Name="_isUpdateable" Value="true" />
      </DesignTime>
   </ViewLinkDefEnd>
</ViewLink>
