<?xml version='1.0' encoding='windows-1252' ?>
<!DOCTYPE ViewObject SYSTEM "jbo_03_01.dtd">

<ViewObject
   Name="xXGamInvLineDtlVO"
   BindingStyle="Oracle"
   CustomQuery="true"
   RowClass="xxgam.oracle.apps.inv.moveorder.server.xXGamInvLineDtlVORowImpl"
   ComponentClass="xxgam.oracle.apps.inv.moveorder.server.xXGamInvLineDtlVOImpl"
   UseGlueCode="false" >
   <SQLQuery><![CDATA[
SELECT xis.nro_solicitud, 
       xisd.month_dota,
       xisd.last_deliv_date,
       xisd.line_number,
       xit.inventory_cod,
       xid.uniform_type_cod,
       xisd.qty_nbr,
       xisd.attribute5,
       msi.description,
xis.soli_id
FROM xxgam_inv_soli_dtl xisd,
     xxgam_inv_soli xis,
     xxgam_inv_dota xid,
     xxgam_inv_talla xit,
     mtl_system_items_b msi
WHERE xis.soli_id             = xisd.soli_id
AND xid.dota_id               = xisd.dota_id
AND xit.talla_id (+)          = xisd.talla_id
AND msi.INVENTORY_ITEM_ID (+) = xit.INVENTORY_ID
AND msi.ORGANIZATION_ID(+)    = xit.ORGANIZATION_ID
AND xisd.soli_dtl_id          = :1
   ]]></SQLQuery>
   <DesignTime>
      <Attr Name="_isCodegen" Value="true" />
      <Attr Name="_isExpertMode" Value="true" />
      <Attr Name="_version" Value="10.1.3.41.57" />
      <Attr Name="_codeGenFlag2" Value="Access|Coll|VarAccess" />
   </DesignTime>
   <ViewAttribute
      Name="NroSolicitud"
      IsPersistent="false"
      IsNotNull="true"
      Precision="40"
      Type="java.lang.String"
      ColumnType="VARCHAR2"
      AliasName="NRO_SOLICITUD"
      Expression="NRO_SOLICITUD"
      SQLType="VARCHAR" >
      <DesignTime>
         <Attr Name="_DisplaySize" Value="40" />
      </DesignTime>
   </ViewAttribute>
   <ViewAttribute
      Name="MonthDota"
      IsPersistent="false"
      Precision="20"
      Type="java.lang.String"
      ColumnType="VARCHAR2"
      AliasName="MONTH_DOTA"
      Expression="MONTH_DOTA"
      SQLType="VARCHAR" >
      <DesignTime>
         <Attr Name="_DisplaySize" Value="20" />
      </DesignTime>
   </ViewAttribute>
   <ViewAttribute
      Name="LastDelivDate"
      IsPersistent="false"
      Type="oracle.jbo.domain.Date"
      ColumnType="DATE"
      AliasName="LAST_DELIV_DATE"
      Expression="LAST_DELIV_DATE"
      SQLType="DATE" >
      <DesignTime>
         <Attr Name="_DisplaySize" Value="7" />
      </DesignTime>
   </ViewAttribute>
   <ViewAttribute
      Name="LineNumber"
      IsPersistent="false"
      Precision="15"
      Scale="0"
      Type="oracle.jbo.domain.Number"
      ColumnType="NUMBER"
      AliasName="LINE_NUMBER"
      Expression="LINE_NUMBER"
      SQLType="NUMERIC" >
      <DesignTime>
         <Attr Name="_DisplaySize" Value="22" />
      </DesignTime>
   </ViewAttribute>
   <ViewAttribute
      Name="InventoryCod"
      IsPersistent="false"
      Precision="30"
      Type="java.lang.String"
      ColumnType="VARCHAR2"
      AliasName="INVENTORY_COD"
      Expression="INVENTORY_COD"
      SQLType="VARCHAR" >
      <DesignTime>
         <Attr Name="_DisplaySize" Value="30" />
      </DesignTime>
   </ViewAttribute>
   <ViewAttribute
      Name="UniformTypeCod"
      IsPersistent="false"
      IsNotNull="true"
      Precision="20"
      Type="java.lang.String"
      ColumnType="VARCHAR2"
      AliasName="UNIFORM_TYPE_COD"
      Expression="UNIFORM_TYPE_COD"
      SQLType="VARCHAR" >
      <DesignTime>
         <Attr Name="_DisplaySize" Value="20" />
      </DesignTime>
   </ViewAttribute>
   <ViewAttribute
      Name="QtyNbr"
      IsPersistent="false"
      Precision="24"
      Scale="0"
      Type="oracle.jbo.domain.Number"
      ColumnType="NUMBER"
      AliasName="QTY_NBR"
      Expression="QTY_NBR"
      SQLType="NUMERIC" >
      <DesignTime>
         <Attr Name="_DisplaySize" Value="22" />
      </DesignTime>
   </ViewAttribute>
   <ViewAttribute
      Name="Attribute5"
      IsPersistent="false"
      Precision="240"
      Type="java.lang.String"
      ColumnType="VARCHAR2"
      AliasName="ATTRIBUTE5"
      Expression="ATTRIBUTE5"
      SQLType="VARCHAR" >
      <DesignTime>
         <Attr Name="_DisplaySize" Value="240" />
      </DesignTime>
   </ViewAttribute>
   <ViewAttribute
      Name="Description"
      IsPersistent="false"
      Precision="240"
      Type="java.lang.String"
      ColumnType="VARCHAR2"
      AliasName="DESCRIPTION"
      Expression="DESCRIPTION"
      SQLType="VARCHAR" >
      <DesignTime>
         <Attr Name="_DisplaySize" Value="240" />
      </DesignTime>
   </ViewAttribute>
   <ViewAttribute
      Name="SoliId"
      IsPersistent="false"
      IsNotNull="true"
      Precision="15"
      Scale="0"
      Type="oracle.jbo.domain.Number"
      ColumnType="NUMBER"
      AliasName="SOLI_ID"
      Expression="SOLI_ID"
      SQLType="NUMERIC" >
      <DesignTime>
         <Attr Name="_DisplaySize" Value="22" />
      </DesignTime>
   </ViewAttribute>
</ViewObject>
