<?xml version='1.0' encoding='windows-1252' ?>
<!DOCTYPE ViewObject SYSTEM "jbo_03_01.dtd">

<ViewObject
   Name="xXGamInvFechaSolicitudActivaVO"
   BindingStyle="OracleName"
   CustomQuery="true"
   RowClass="xxgam.oracle.apps.inv.moveorder.server.xXGamInvFechaSolicitudActivaVORowImpl"
   ComponentClass="xxgam.oracle.apps.inv.moveorder.server.xXGamInvFechaSolicitudActivaVOImpl"
   UseGlueCode="false" >
   <SQLQuery><![CDATA[
SELECT xik.kit_id ,
  xik.kit_cod ,
  xis.person_id ,
  TRUNC(flv.start_date_active) FECHA_INICIAL ,
  TRUNC(flv.end_date_active) FECHA_FINAL ,
  xis.creation_date ,
  CASE
    WHEN TRUNC(
      (SELECT MAX(dat.creation_date) FECHA_MAXIMA
      FROM xxgam_inv_soli dat
      WHERE 1           =1
      AND dat.person_id = xis.person_id
      )) BETWEEN TRUNC(NVL(flv.start_date_active, SYSDATE)) AND TRUNC(NVL(flv.end_date_active, SYSDATE))
    THEN 'YES'
    WHEN TRUNC(
      (SELECT MAX(dat.creation_date) FECHA_MAXIMA
      FROM xxgam_inv_soli dat
      WHERE 1           =1
      AND dat.person_id = xis.person_id
      ) )NOT BETWEEN TRUNC(NVL(flv.start_date_active, SYSDATE)) AND TRUNC(NVL(flv.end_date_active, SYSDATE))
    THEN 'NO'
  END STATUS
FROM xxgam_inv_kit xik ,
  xxgam_inv_soli xis ,
  fnd_lookup_values flv
WHERE 1               =1
AND xik.kit_id        = xis.kit_id
AND flv.lookup_type   = 'XXGAM_APERTURA_DE_PERIODOS'
AND flv.enabled_flag  = 'Y'
AND flv.language (+)  = USERENV('LANG')
AND flv.meaning(+)    = xik.kit_cod
AND xis.creation_date =
  (SELECT MAX(dat.creation_date)
  FROM xxgam_inv_soli dat
  WHERE 1           =1
  AND dat.person_id = xis.person_id
  )
   ]]></SQLQuery>
   <DesignTime>
      <Attr Name="_isCodegen" Value="true" />
      <Attr Name="_isExpertMode" Value="true" />
      <Attr Name="_version" Value="10.1.3.41.57" />
      <Attr Name="_codeGenFlag2" Value="Access|Coll|VarAccess" />
   </DesignTime>
   <ViewAttribute
      Name="KitId"
      IsPersistent="false"
      IsNotNull="true"
      Precision="15"
      Scale="0"
      Type="oracle.jbo.domain.Number"
      ColumnType="NUMBER"
      AliasName="KIT_ID"
      Expression="KIT_ID"
      SQLType="NUMERIC" >
      <DesignTime>
         <Attr Name="_DisplaySize" Value="22" />
      </DesignTime>
   </ViewAttribute>
   <ViewAttribute
      Name="KitCod"
      IsPersistent="false"
      IsNotNull="true"
      Precision="30"
      Type="java.lang.String"
      ColumnType="VARCHAR2"
      AliasName="KIT_COD"
      Expression="KIT_COD"
      SQLType="VARCHAR" >
      <DesignTime>
         <Attr Name="_DisplaySize" Value="30" />
      </DesignTime>
   </ViewAttribute>
   <ViewAttribute
      Name="PersonId"
      IsPersistent="false"
      IsNotNull="true"
      Precision="15"
      Scale="0"
      Type="oracle.jbo.domain.Number"
      ColumnType="NUMBER"
      AliasName="PERSON_ID"
      Expression="PERSON_ID"
      SQLType="NUMERIC" >
      <DesignTime>
         <Attr Name="_DisplaySize" Value="22" />
      </DesignTime>
   </ViewAttribute>
   <ViewAttribute
      Name="FechaInicial"
      IsPersistent="false"
      Type="oracle.jbo.domain.Date"
      ColumnType="DATE"
      AliasName="FECHA_INICIAL"
      Expression="FECHA_INICIAL"
      SQLType="DATE" >
      <DesignTime>
         <Attr Name="_DisplaySize" Value="7" />
      </DesignTime>
   </ViewAttribute>
   <ViewAttribute
      Name="FechaFinal"
      IsPersistent="false"
      Type="oracle.jbo.domain.Date"
      ColumnType="DATE"
      AliasName="FECHA_FINAL"
      Expression="FECHA_FINAL"
      SQLType="DATE" >
      <DesignTime>
         <Attr Name="_DisplaySize" Value="7" />
      </DesignTime>
   </ViewAttribute>
   <ViewAttribute
      Name="CreationDate"
      IsPersistent="false"
      IsNotNull="true"
      Type="oracle.jbo.domain.Date"
      ColumnType="DATE"
      AliasName="CREATION_DATE"
      Expression="CREATION_DATE"
      SQLType="DATE" >
      <DesignTime>
         <Attr Name="_DisplaySize" Value="7" />
      </DesignTime>
   </ViewAttribute>
   <ViewAttribute
      Name="Status"
      IsPersistent="false"
      Precision="7"
      Type="java.lang.String"
      ColumnType="CHAR"
      AliasName="STATUS"
      Expression="STATUS"
      SQLType="VARCHAR" >
      <DesignTime>
         <Attr Name="_DisplaySize" Value="7" />
      </DesignTime>
   </ViewAttribute>
</ViewObject>
