<?xml version='1.0' encoding='windows-1252' ?>
<!DOCTYPE ViewObject SYSTEM "jbo_03_01.dtd">

<ViewObject
   Name="xXGamInvFechaCreacionEnPeriodoVO"
   OrderBy="FECHA_CREACION desc"
   BindingStyle="OracleName"
   CustomQuery="true"
   RowClass="xxgam.oracle.apps.inv.moveorder.server.xXGamInvFechaCreacionEnPeriodoVORowImpl"
   ComponentClass="xxgam.oracle.apps.inv.moveorder.server.xXGamInvFechaCreacionEnPeriodoVOImpl"
   UseGlueCode="false" >
   <SQLQuery><![CDATA[
SELECT xis.soli_id
     , xis.nro_solicitud
     , xis.person_id
     , TRUNC(xis.creation_date) FECHA_CREACION
     , TRUNC(flv.start_date_active) FECHA_INICIO
     , TRUNC(flv.end_date_active) FECHA_FIN
     , CASE
       WHEN TRUNC(xis.creation_date) BETWEEN TRUNC(NVL(flv.start_date_active, SYSDATE)) AND TRUNC(NVL(flv.end_date_active,SYSDATE)) THEN 'SI'
       ELSE 'NO'     
     END ES_VALIDO
FROM xxgam_inv_soli xis
   , xxgam_inv_kit xik
   , fnd_lookup_values flv 
WHERE 1 = 1
AND xik.kit_id(+) = xis.kit_id
AND flv.lookup_type = 'XXGAM_APERTURA_DE_PERIODOS'
AND flv.enabled_flag = 'Y'
AND flv.language(+)  = USERENV('LANG')
AND xik.kit_cod  = flv.meaning
   ]]></SQLQuery>
   <DesignTime>
      <Attr Name="_isCodegen" Value="true" />
      <Attr Name="_isExpertMode" Value="true" />
      <Attr Name="_version" Value="10.1.3.41.57" />
      <Attr Name="_codeGenFlag2" Value="Access|Coll|VarAccess" />
   </DesignTime>
   <ViewAttribute
      Name="SoliId"
      IsPersistent="false"
      IsNotNull="true"
      Precision="15"
      Scale="0"
      Type="oracle.jbo.domain.Number"
      ColumnType="NUMBER"
      AliasName="SOLI_ID"
      Expression="SOLI_ID"
      SQLType="NUMERIC" >
      <DesignTime>
         <Attr Name="_DisplaySize" Value="22" />
      </DesignTime>
   </ViewAttribute>
   <ViewAttribute
      Name="NroSolicitud"
      IsPersistent="false"
      IsNotNull="true"
      Precision="40"
      Type="java.lang.String"
      ColumnType="VARCHAR2"
      AliasName="NRO_SOLICITUD"
      Expression="NRO_SOLICITUD"
      SQLType="VARCHAR" >
      <DesignTime>
         <Attr Name="_DisplaySize" Value="40" />
      </DesignTime>
   </ViewAttribute>
   <ViewAttribute
      Name="PersonId"
      IsPersistent="false"
      IsNotNull="true"
      Precision="15"
      Scale="0"
      Type="oracle.jbo.domain.Number"
      ColumnType="NUMBER"
      AliasName="PERSON_ID"
      Expression="PERSON_ID"
      SQLType="NUMERIC" >
      <DesignTime>
         <Attr Name="_DisplaySize" Value="22" />
      </DesignTime>
   </ViewAttribute>
   <ViewAttribute
      Name="FechaCreacion"
      IsPersistent="false"
      Type="oracle.jbo.domain.Date"
      ColumnType="DATE"
      AliasName="FECHA_CREACION"
      Expression="FECHA_CREACION"
      SQLType="DATE" >
      <DesignTime>
         <Attr Name="_DisplaySize" Value="7" />
      </DesignTime>
   </ViewAttribute>
   <ViewAttribute
      Name="FechaInicio"
      IsPersistent="false"
      Type="oracle.jbo.domain.Date"
      ColumnType="DATE"
      AliasName="FECHA_INICIO"
      Expression="FECHA_INICIO"
      SQLType="DATE" >
      <DesignTime>
         <Attr Name="_DisplaySize" Value="7" />
      </DesignTime>
   </ViewAttribute>
   <ViewAttribute
      Name="FechaFin"
      IsPersistent="false"
      Type="oracle.jbo.domain.Date"
      ColumnType="DATE"
      AliasName="FECHA_FIN"
      Expression="FECHA_FIN"
      SQLType="DATE" >
      <DesignTime>
         <Attr Name="_DisplaySize" Value="7" />
      </DesignTime>
   </ViewAttribute>
   <ViewAttribute
      Name="EsValido"
      IsPersistent="false"
      Precision="2"
      Type="java.lang.String"
      ColumnType="CHAR"
      AliasName="ES_VALIDO"
      Expression="ES_VALIDO"
      SQLType="VARCHAR" >
      <DesignTime>
         <Attr Name="_DisplaySize" Value="2" />
      </DesignTime>
   </ViewAttribute>
</ViewObject>
