<?xml version = '1.0' encoding = 'UTF-8'?>
<oa:listOfValues version="10.1.3_1312" xml:lang="en-US" xmlns:oa="http://xmlns.oracle.com/oa" xmlns:jrad="http://xmlns.oracle.com/jrad" xmlns:ui="http://xmlns.oracle.com/uix/ui" xmlns:user="http://xmlns.oracle.com/jrad/user" xmlns="http://xmlns.oracle.com/jrad" file-version="$Header$" amDefName="xxgam.oracle.apps.inv.moveorder.lov.server.xXGamInvUniformesLovAM" scope="/">
   <ui:contents>
      <oa:table name="xXGamInvEstadosRN" id="xXGamInvEstadosVO1" controllerClass="xxgam.oracle.apps.inv.moveorder.lov.webui.xXGamInvEstadosCO">
         <ui:contents>
            <oa:messageStyledText id="Meaning" dataType="VARCHAR2" prompt="Meaning" viewName="xXGamInvEstadosVO1" viewAttr="Meaning" maximumLength="80" queryable="true"/>
            <oa:formValue id="LookupCode" dataType="VARCHAR2" prompt="LookupCode" viewName="xXGamInvEstadosVO1" viewAttr="LookupCode"/>
         </ui:contents>
      </oa:table>
   </ui:contents>
</oa:listOfValues>
