<?xml version='1.0' encoding='windows-1252' ?>
<!DOCTYPE ViewObject SYSTEM "jbo_03_01.dtd">

<ViewObject
   Name="XxGamInvVtaUnifHdrVO"
   SelectList="XxGamInvVtaUnifHdrEO.HDR_ID, 
       XxGamInvVtaUnifHdrEO.PERSON_ID, 
       XxGamInvVtaUnifHdrEO.FULL_NAME, 
       XxGamInvVtaUnifHdrEO.EMPLOYEE_NUMBER, 
       XxGamInvVtaUnifHdrEO.ASSIGMENT_ID, 
       XxGamInvVtaUnifHdrEO.OPERATING_UNIT_ID, 
       XxGamInvVtaUnifHdrEO.HR_ORG_ID, 
       XxGamInvVtaUnifHdrEO.SO_TRANSACTION_TYPE_ID, 
       XxGamInvVtaUnifHdrEO.SO_LIST_HDR_ID, 
       XxGamInvVtaUnifHdrEO.SO_CUST_ID, 
       XxGamInvVtaUnifHdrEO.SO_SHIP_ID, 
       XxGamInvVtaUnifHdrEO.SO_BILL_ID, 
       XxGamInvVtaUnifHdrEO.SO_CURRENCY_CODE, 
       XxGamInvVtaUnifHdrEO.ATTRIBUTE_CATEGORY, 
       XxGamInvVtaUnifHdrEO.ATTRIBUTE1, 
       XxGamInvVtaUnifHdrEO.ATTRIBUTE2, 
       XxGamInvVtaUnifHdrEO.ATTRIBUTE3, 
       XxGamInvVtaUnifHdrEO.ATTRIBUTE4, 
       XxGamInvVtaUnifHdrEO.ATTRIBUTE5, 
       XxGamInvVtaUnifHdrEO.ATTRIBUTE6, 
       XxGamInvVtaUnifHdrEO.ATTRIBUTE7, 
       XxGamInvVtaUnifHdrEO.ATTRIBUTE8, 
       XxGamInvVtaUnifHdrEO.CREATED_BY, 
       XxGamInvVtaUnifHdrEO.CREATION_DATE, 
       XxGamInvVtaUnifHdrEO.LAST_UPDATE_DATE, 
       XxGamInvVtaUnifHdrEO.LAST_UPDATED_BY, 
       XxGamInvVtaUnifHdrEO.LAST_UPDATE_LOGIN"
   FromList="XXGAM_INV_VTA_UNIF_HDR XxGamInvVtaUnifHdrEO"
   BindingStyle="OracleName"
   CustomQuery="false"
   RowClass="xxgam.oracle.apps.inv.moveorder.vta.server.XxGamInvVtaUnifHdrVORowImpl"
   ComponentClass="xxgam.oracle.apps.inv.moveorder.vta.server.XxGamInvVtaUnifHdrVOImpl"
   UseGlueCode="false" >
   <DesignTime>
      <Attr Name="_isCodegen" Value="true" />
      <Attr Name="_version" Value="10.1.3.41.57" />
      <Attr Name="_codeGenFlag2" Value="Access|Coll|VarAccess" />
   </DesignTime>
   <EntityUsage
      Name="XxGamInvVtaUnifHdrEO"
      Entity="xxgam.oracle.apps.inv.moveorder.vta.schema.server.XxGamInvVtaUnifHdrEO" >
      <DesignTime>
         <Attr Name="_queryClause" Value="false" />
      </DesignTime>
   </EntityUsage>
   <ViewAttribute
      Name="HdrId"
      IsNotNull="true"
      EntityAttrName="HdrId"
      EntityUsage="XxGamInvVtaUnifHdrEO"
      AliasName="HDR_ID" >
   </ViewAttribute>
   <ViewAttribute
      Name="PersonId"
      EntityAttrName="PersonId"
      EntityUsage="XxGamInvVtaUnifHdrEO"
      AliasName="PERSON_ID" >
   </ViewAttribute>
   <ViewAttribute
      Name="FullName"
      EntityAttrName="FullName"
      EntityUsage="XxGamInvVtaUnifHdrEO"
      AliasName="FULL_NAME" >
   </ViewAttribute>
   <ViewAttribute
      Name="EmployeeNumber"
      EntityAttrName="EmployeeNumber"
      EntityUsage="XxGamInvVtaUnifHdrEO"
      AliasName="EMPLOYEE_NUMBER" >
   </ViewAttribute>
   <ViewAttribute
      Name="AssigmentId"
      EntityAttrName="AssigmentId"
      EntityUsage="XxGamInvVtaUnifHdrEO"
      AliasName="ASSIGMENT_ID" >
   </ViewAttribute>
   <ViewAttribute
      Name="OperatingUnitId"
      EntityAttrName="OperatingUnitId"
      EntityUsage="XxGamInvVtaUnifHdrEO"
      AliasName="OPERATING_UNIT_ID" >
   </ViewAttribute>
   <ViewAttribute
      Name="HrOrgId"
      EntityAttrName="HrOrgId"
      EntityUsage="XxGamInvVtaUnifHdrEO"
      AliasName="HR_ORG_ID" >
   </ViewAttribute>
   <ViewAttribute
      Name="SoTransactionTypeId"
      EntityAttrName="SoTransactionTypeId"
      EntityUsage="XxGamInvVtaUnifHdrEO"
      AliasName="SO_TRANSACTION_TYPE_ID" >
   </ViewAttribute>
   <ViewAttribute
      Name="SoListHdrId"
      EntityAttrName="SoListHdrId"
      EntityUsage="XxGamInvVtaUnifHdrEO"
      AliasName="SO_LIST_HDR_ID" >
   </ViewAttribute>
   <ViewAttribute
      Name="SoCustId"
      EntityAttrName="SoCustId"
      EntityUsage="XxGamInvVtaUnifHdrEO"
      AliasName="SO_CUST_ID" >
   </ViewAttribute>
   <ViewAttribute
      Name="SoShipId"
      EntityAttrName="SoShipId"
      EntityUsage="XxGamInvVtaUnifHdrEO"
      AliasName="SO_SHIP_ID" >
   </ViewAttribute>
   <ViewAttribute
      Name="SoBillId"
      EntityAttrName="SoBillId"
      EntityUsage="XxGamInvVtaUnifHdrEO"
      AliasName="SO_BILL_ID" >
   </ViewAttribute>
   <ViewAttribute
      Name="SoCurrencyCode"
      EntityAttrName="SoCurrencyCode"
      EntityUsage="XxGamInvVtaUnifHdrEO"
      AliasName="SO_CURRENCY_CODE" >
   </ViewAttribute>
   <ViewAttribute
      Name="AttributeCategory"
      EntityAttrName="AttributeCategory"
      EntityUsage="XxGamInvVtaUnifHdrEO"
      AliasName="ATTRIBUTE_CATEGORY" >
   </ViewAttribute>
   <ViewAttribute
      Name="Attribute1"
      EntityAttrName="Attribute1"
      EntityUsage="XxGamInvVtaUnifHdrEO"
      AliasName="ATTRIBUTE1" >
   </ViewAttribute>
   <ViewAttribute
      Name="Attribute2"
      EntityAttrName="Attribute2"
      EntityUsage="XxGamInvVtaUnifHdrEO"
      AliasName="ATTRIBUTE2" >
   </ViewAttribute>
   <ViewAttribute
      Name="Attribute3"
      EntityAttrName="Attribute3"
      EntityUsage="XxGamInvVtaUnifHdrEO"
      AliasName="ATTRIBUTE3" >
   </ViewAttribute>
   <ViewAttribute
      Name="Attribute4"
      EntityAttrName="Attribute4"
      EntityUsage="XxGamInvVtaUnifHdrEO"
      AliasName="ATTRIBUTE4" >
   </ViewAttribute>
   <ViewAttribute
      Name="Attribute5"
      EntityAttrName="Attribute5"
      EntityUsage="XxGamInvVtaUnifHdrEO"
      AliasName="ATTRIBUTE5" >
   </ViewAttribute>
   <ViewAttribute
      Name="Attribute6"
      EntityAttrName="Attribute6"
      EntityUsage="XxGamInvVtaUnifHdrEO"
      AliasName="ATTRIBUTE6" >
   </ViewAttribute>
   <ViewAttribute
      Name="Attribute7"
      EntityAttrName="Attribute7"
      EntityUsage="XxGamInvVtaUnifHdrEO"
      AliasName="ATTRIBUTE7" >
   </ViewAttribute>
   <ViewAttribute
      Name="Attribute8"
      EntityAttrName="Attribute8"
      EntityUsage="XxGamInvVtaUnifHdrEO"
      AliasName="ATTRIBUTE8" >
   </ViewAttribute>
   <ViewAttribute
      Name="CreatedBy"
      IsNotNull="true"
      EntityAttrName="CreatedBy"
      EntityUsage="XxGamInvVtaUnifHdrEO"
      AliasName="CREATED_BY" >
   </ViewAttribute>
   <ViewAttribute
      Name="CreationDate"
      IsNotNull="true"
      EntityAttrName="CreationDate"
      EntityUsage="XxGamInvVtaUnifHdrEO"
      AliasName="CREATION_DATE" >
   </ViewAttribute>
   <ViewAttribute
      Name="LastUpdateDate"
      EntityAttrName="LastUpdateDate"
      EntityUsage="XxGamInvVtaUnifHdrEO"
      AliasName="LAST_UPDATE_DATE" >
   </ViewAttribute>
   <ViewAttribute
      Name="LastUpdatedBy"
      EntityAttrName="LastUpdatedBy"
      EntityUsage="XxGamInvVtaUnifHdrEO"
      AliasName="LAST_UPDATED_BY" >
   </ViewAttribute>
   <ViewAttribute
      Name="LastUpdateLogin"
      EntityAttrName="LastUpdateLogin"
      EntityUsage="XxGamInvVtaUnifHdrEO"
      AliasName="LAST_UPDATE_LOGIN" >
   </ViewAttribute>
</ViewObject>
