<?xml version='1.0' encoding='windows-1252' ?>
<!DOCTYPE Association SYSTEM "jbo_03_01.dtd">

<Association
   Name="XxGamInvVtaLinHdrFkAssoc" >
   <DesignTime>
      <Attr Name="_isCodegen" Value="true" />
      <Attr Name="_version" Value="10.1.3.41.57" />
   </DesignTime>
   <AssociationEnd
      Name="XxGamInvVtaUnifHdrEO"
      Cardinality="1"
      Source="true"
      Owner="xxgam.oracle.apps.inv.moveorder.vta.schema.server.XxGamInvVtaUnifHdrEO" >
      <AttrArray Name="Attributes">
         <Item Value="xxgam.oracle.apps.inv.moveorder.vta.schema.server.XxGamInvVtaUnifHdrEO.HdrId" />
      </AttrArray>
      <DesignTime>
         <Attr Name="_finderName" Value="XxGamInvVtaUnifHdrEO" />
         <Attr Name="_aggregation" Value="0" />
         <Attr Name="_foreignKey" Value="xxgam.oracle.apps.inv.moveorder.vta.schema.server.XxGamInvVtaUnifHdrEO.XxgamInvVtaHdrIdPk" />
         <Attr Name="_isUpdateable" Value="true" />
      </DesignTime>
   </AssociationEnd>
   <AssociationEnd
      Name="XxGamInvVtaUnifLinEO"
      Cardinality="-1"
      Owner="xxgam.oracle.apps.inv.moveorder.vta.schema.server.XxGamInvVtaUnifLinEO" >
      <AttrArray Name="Attributes">
         <Item Value="xxgam.oracle.apps.inv.moveorder.vta.schema.server.XxGamInvVtaUnifLinEO.HdrId" />
      </AttrArray>
      <DesignTime>
         <Attr Name="_finderName" Value="XxGamInvVtaUnifLinEO" />
         <Attr Name="_aggregation" Value="0" />
         <Attr Name="_foreignKey" Value="xxgam.oracle.apps.inv.moveorder.vta.schema.server.XxGamInvVtaUnifLinEO.XxgamInvVtaLinHdrFk" />
         <Attr Name="_isUpdateable" Value="true" />
      </DesignTime>
   </AssociationEnd>
</Association>
