<?xml version='1.0' encoding='windows-1252' ?>
<!DOCTYPE ViewObject SYSTEM "jbo_03_01.dtd">

<ViewObject
   Name="XxGamSizeUniformsSizesInfoLOV"
   BindingStyle="OracleName"
   CustomQuery="true"
   RowClass="xxgam.oracle.apps.inv.moveorder.siz.lov.server.XxGamSizeUniformsSizesInfoLOVRowImpl"
   ComponentClass="xxgam.oracle.apps.inv.moveorder.siz.lov.server.XxGamSizeUniformsSizesInfoLOVImpl"
   UseGlueCode="false" >
   <SQLQuery><![CDATA[
select 
          XIT.DOTA_ID
        , XIT.TALLA_ID
        , XID.NOMENCLATURE||'  '||XIT.TALLA_NBR DESCRIPTION
        , XIT.KIT_COD
        , XIT.TALLA_NBR
        , XIT.INVENTORY_ID
        , XIT.INVENTORY_COD
from   
          XXGAM_INV_TALLA XIT
        , XXGAM_INV_DOTA XID
where 1=1
and XIT.DOTA_ID = XID.DOTA_ID
order by XIT.INVENTORY_COD asc
   ]]></SQLQuery>
   <DesignTime>
      <Attr Name="_isCodegen" Value="true" />
      <Attr Name="_isExpertMode" Value="true" />
      <Attr Name="_version" Value="10.1.3.41.57" />
      <Attr Name="_codeGenFlag2" Value="Access|Coll|VarAccess" />
   </DesignTime>
   <ViewAttribute
      Name="DotaId"
      IsUpdateable="false"
      IsPersistent="false"
      IsNotNull="true"
      Precision="15"
      Scale="0"
      Type="oracle.jbo.domain.Number"
      ColumnType="NUMBER"
      AliasName="DOTA_ID"
      Expression="DOTA_ID"
      SQLType="NUMERIC" >
      <DesignTime>
         <Attr Name="_DisplaySize" Value="22" />
      </DesignTime>
   </ViewAttribute>
   <ViewAttribute
      Name="TallaId"
      IsUpdateable="false"
      IsPersistent="false"
      IsNotNull="true"
      Precision="15"
      Scale="0"
      Type="oracle.jbo.domain.Number"
      ColumnType="NUMBER"
      AliasName="TALLA_ID"
      Expression="TALLA_ID"
      SQLType="NUMERIC" >
      <DesignTime>
         <Attr Name="_DisplaySize" Value="22" />
      </DesignTime>
   </ViewAttribute>
   <ViewAttribute
      Name="Description"
      IsUpdateable="false"
      IsPersistent="false"
      Precision="102"
      Type="java.lang.String"
      ColumnType="VARCHAR2"
      AliasName="DESCRIPTION"
      Expression="DESCRIPTION"
      SQLType="VARCHAR" >
      <DesignTime>
         <Attr Name="_DisplaySize" Value="102" />
      </DesignTime>
   </ViewAttribute>
   <ViewAttribute
      Name="KitCod"
      IsUpdateable="false"
      IsPersistent="false"
      IsNotNull="true"
      Precision="20"
      Type="java.lang.String"
      ColumnType="VARCHAR2"
      AliasName="KIT_COD"
      Expression="KIT_COD"
      SQLType="VARCHAR" >
      <DesignTime>
         <Attr Name="_DisplaySize" Value="20" />
      </DesignTime>
   </ViewAttribute>
   <ViewAttribute
      Name="TallaNbr"
      IsUpdateable="false"
      IsPersistent="false"
      IsNotNull="true"
      Precision="20"
      Type="java.lang.String"
      ColumnType="VARCHAR2"
      AliasName="TALLA_NBR"
      Expression="TALLA_NBR"
      SQLType="VARCHAR" >
      <DesignTime>
         <Attr Name="_DisplaySize" Value="20" />
      </DesignTime>
   </ViewAttribute>
   <ViewAttribute
      Name="InventoryId"
      IsUpdateable="false"
      IsPersistent="false"
      IsNotNull="true"
      Type="oracle.jbo.domain.Number"
      ColumnType="NUMBER"
      AliasName="INVENTORY_ID"
      Expression="INVENTORY_ID"
      SQLType="NUMERIC" >
      <DesignTime>
         <Attr Name="_DisplaySize" Value="22" />
      </DesignTime>
   </ViewAttribute>
   <ViewAttribute
      Name="InventoryCod"
      IsPersistent="false"
      IsNotNull="true"
      Precision="30"
      Type="java.lang.String"
      ColumnType="VARCHAR2"
      AliasName="INVENTORY_COD"
      Expression="INVENTORY_COD"
      SQLType="VARCHAR" >
      <DesignTime>
         <Attr Name="_DisplaySize" Value="30" />
      </DesignTime>
   </ViewAttribute>
</ViewObject>
