<?xml version = '1.0' encoding = 'UTF-8'?>
<oa:listOfValues version="10.1.3_1312" xml:lang="en-US" xmlns:oa="http://xmlns.oracle.com/oa" xmlns:jrad="http://xmlns.oracle.com/jrad" xmlns:ui="http://xmlns.oracle.com/uix/ui" xmlns:user="http://xmlns.oracle.com/jrad/user" xmlns="http://xmlns.oracle.com/jrad" file-version="$Header$" amDefName="xxgam.oracle.apps.inv.moveorder.lov.server.xXGamInvUniformesLovAM" scope="/" postDefault="true" controllerClass="xxgam.oracle.apps.inv.moveorder.lov.webui.xXGamInvSolCO" advancedSearchAllowed="false">
   <ui:contents>
      <oa:table name="xXGamInvSolRN" id="xXGamInvSolVO1" standalone="false">
         <ui:contents>
            <oa:messageStyledText id="NroSolicitud" dataType="VARCHAR2" prompt="Nro. de Solicitud" viewName="xXGamInvSolVO1" viewAttr="NroSolicitud" maximumLength="40" queryable="true" serverUnvalidated="false"/>
            <oa:formValue id="SoliId" dataType="NUMBER" prompt="SoliId" viewName="xXGamInvSolVO1" viewAttr="SoliId"/>
         </ui:contents>
      </oa:table>
   </ui:contents>
</oa:listOfValues>
